,objects
158173831_jpg.rf.399b1a9d4ad4f29d3046b9609a975ca5.jpg,"['14', '14', '7']"
254974645_jpg.rf.690fc6c4c5d1d69ca6d53175827bfed1.jpg,"['5', '8', '2']"
659067403_jpg.rf.b52fac9f405a325e7b9dc2931e6a26de.jpg,"['14', '3', '14']"
611108901_jpg.rf.d214ed01a26487c9d3f7c2a145a51340.jpg,"['13', '2', '1']"
048665195_jpg.rf.c94aeefd8a7737f392ea8c6d2e005283.jpg,"['11', '3', '5']"
053262462_jpg.rf.fde476a92680ec19b57b54febb8619f7.jpg,"['6', '3', '3']"
929116052_jpg.rf.fcff1511ffc31c988f3f13c9e4215537.jpg,"['10', '4', '8']"
445396931_jpg.rf.7005cb00127502dbf524d018d1a2ba5a.jpg,"['7', '10', '7']"
711562304_jpg.rf.af45876d9f1da49e1baccdd2d2e35a58.jpg,"['11', '7', '0']"
109553583_jpg.rf.c4de8babea7d2e6ad8cf7a0b591d5ccf.jpg,"['0', '5', '6']"
043473740_jpg.rf.e8522856abd58d26c44b174eb7f8ce25.jpg,"['8', '10', '9']"
239628299_jpg.rf.e2bdbae10be45aa1f4ec66efcb5fb5aa.jpg,"['12', '3', '2']"
200401097_jpg.rf.4e6401726286eadcef4f68801d9b3d4a.jpg,"['14', '8', '8']"
280100067_jpg.rf.47adc4372df820f076a0b2abb39957ca.jpg,"['12', '10', '9']"
926961879_jpg.rf.48757ee60011bbbfeed36f8e62e47c76.jpg,"['1', '9', '1', '3']"
016710983_jpg.rf.23e7604159774148ee27c674e546464f.jpg,"['8', '4', '9']"
408956685_jpg.rf.3e9244b948ae03b16ee11e5b6523b49d.jpg,"['12', '6', '7']"
808172714_jpg.rf.31eff139033436b637955668a13ecbda.jpg,"['13', '2', '0']"
404410382_jpg.rf.a449a606da8038e6632a256fdf84ff8e.jpg,"['0', '5', '0', '8']"
434076427_jpg.rf.8263e8be6953d6fcf27f7e3bf11a630c.jpg,"['11', '4', '11']"
536889860_jpg.rf.6e15d464ddb99096348bf05d774c0b07.jpg,"['0', '10', '1']"
268574229_jpg.rf.a6cdb2b66dbcc040e426d99a2390f41f.jpg,"['5', '7', '0']"
426561754_jpg.rf.d4196c40c3c9af985ccdfc3eb3b37a73.jpg,"['13', '1', '0']"
471433505_jpg.rf.32b8d03de9effe58b788f12f5f8074e5.jpg,"['10', '2', '5']"
275279764_jpg.rf.922ddc78f09c98d01da048a5bfca16d1.jpg,"['14', '1', '6']"
874953917_jpg.rf.7c6ce324f2ff9e3ccaceaff58ed2debc.jpg,"['6', '9', '12']"
545609948_jpg.rf.94e996a05c35ac2164e5c294166ba01a.jpg,"['13', '10', '7']"
731415984_jpg.rf.fe668ea063dbce5cae83db103f848616.jpg,"['10', '9', '0']"
356317098_jpg.rf.2eb3bae56b77618e211f45b388bacc98.jpg,"['12', '10', '10']"
562989855_jpg.rf.0d97bdfe2a6914582cba66fe72ca2b33.jpg,"['13', '14', '11']"
419186791_jpg.rf.13ed854cfba26638f8bd7e74dbd0665d.jpg,"['10', '1', '7']"
090613133_jpg.rf.41c15135fc51c2e1a44ecf7fbce5f7fb.jpg,"['14', '9', '4']"
201004398_jpg.rf.acf0acf51ce35eaf2ca4e1ad718ee005.jpg,"['13', '12', '1']"
946986391_jpg.rf.8deb687c266eef04051f02e9a85482c9.jpg,"['12', '4', '6']"
760074009_jpg.rf.cce028185da695b3ef9992a82266dfc5.jpg,"['11', '12', '3']"
975557552_jpg.rf.cae96c71994a73eb6a036224211d6b96.jpg,"['10', '0', '14']"
285197322_jpg.rf.1fda91ad5869b15cf7ca8ff0b2fb801a.jpg,"['9', '9', '3']"
688729990_jpg.rf.f64320c404128e777b9ea9be81631624.jpg,"['9', '12', '5']"
451881414_jpg.rf.9f8486a23f6b321e3a67c01b41fa8f3b.jpg,"['10', '11', '0']"
888509864_jpg.rf.40d5a6a022d2b1eb702af30f4b1ae525.jpg,"['14', '9', '9']"
095311649_jpg.rf.17d4848c3bee92aae582fe1ef71d3917.jpg,"['12', '11', '5']"
072295181_jpg.rf.6494f1508fa6fa25e9a15c35187c5d00.jpg,"['9', '8', '6']"
179925276_jpg.rf.5ccbe7fe6f5ff6809d580a541ec6eda4.jpg,"['8', '8', '5']"
402391343_jpg.rf.25c9a4d495fd5408449e8e5bcfb4d7fc.jpg,"['1', '3', '0']"
488990321_jpg.rf.12941811a9c3a7302b2b66af7bf6fb5c.jpg,"['1', '4', '10']"
215096543_jpg.rf.c4c3b711be97814ac15a08689c333990.jpg,"['2', '10', '5']"
956327292_jpg.rf.c12392da0d97ab1bc0afc7f8bd8418c8.jpg,"['13', '13', '11']"
121481564_jpg.rf.7458ff58a458887480c65a7a236775d6.jpg,"['11', '8', '3']"
719710866_jpg.rf.43159e6f463cf30ba1cf60034492cc0b.jpg,"['7', '14', '3']"
090670860_jpg.rf.75daab6a16655e2d77f9bce095617694.jpg,"['2', '6', '0']"
212170003_jpg.rf.db21fcf3e952f79dd7de639158f548ec.jpg,"['12', '8', '5']"
920503419_jpg.rf.7c75a9e196b5f6cbb7103c037f4099a9.jpg,"['13', '13', '8', '8']"
883196571_jpg.rf.24566dd3cc72f8d984c53c544068383d.jpg,"['14', '10', '4']"
927946774_jpg.rf.cfb06d5376152b40547cc27e73d8ddad.jpg,"['2', '6', '4']"
960645560_jpg.rf.63cb63c163516317e7fe53e742e7336c.jpg,"['0', '14', '12']"
034545433_jpg.rf.5a849f9499ba9e639b1a64b713bded43.jpg,"['4', '4', '2', '0']"
832786455_jpg.rf.8d3bc987e8b7ebd2cfb58cbf7bf64c93.jpg,"['9', '14', '3']"
311068943_jpg.rf.070fa30c612e337bf3e7ca556edaaead.jpg,"['14', '7', '3']"
024412614_jpg.rf.4fee5ac8023e7bc0311d41c8c09832ba.jpg,"['6', '8', '6']"
443572366_jpg.rf.4ea2e25c597de880065e0f9dd2b0ea9e.jpg,"['12', '5', '6']"
413387937_jpg.rf.3d08a1215528bff6abb9bb6dc529b911.jpg,"['11', '11', '5']"
795794431_jpg.rf.9e7c2e5e92bd5f4e08d8fc3a6da0477a.jpg,"['13', '14', '8']"
832194904_jpg.rf.a1841d2f41cf6454e8d4876d5a7786dd.jpg,"['13', '12', '8']"
628110550_jpg.rf.c97616de8be8dfc3b27d8da38549ba7e.jpg,"['11', '0', '3']"
133759957_jpg.rf.0b8ed22ce92232674e3a0dc677bfcb84.jpg,"['10', '6', '7']"
926601893_jpg.rf.b70ad7082dfe6a9b78affd7c277f62ec.jpg,"['13', '12', '6']"
867833408_jpg.rf.49610f9f1acd4d9eb1b8faa1e11502ac.jpg,"['4', '5', '6']"
945524611_jpg.rf.d515a678e35cf41242f7b3cfc189b9a9.jpg,"['1', '11', '5']"
119027203_jpg.rf.f4279dc32e6c2cfd8222539a6c72e4ce.jpg,"['1', '11', '1']"
019477314_jpg.rf.564194e191f514579134a86a32bf9389.jpg,"['9', '6', '0']"
771016449_jpg.rf.fbc2c8d319a54b50c07658c0317390d5.jpg,"['13', '12', '2']"
436932471_jpg.rf.8c36a1e35544c749e7efb800ca5523de.jpg,"['4', '2', '7']"
413189997_jpg.rf.99a0fb06295a77dedb16b502cd7e84a2.jpg,"['12', '11', '3']"
176110416_jpg.rf.38440cb5f99f00b5b23fa841f7484dd7.jpg,"['12', '12', '3']"
721281895_jpg.rf.c6f72487f7e6a99f94fda38eb829aa75.jpg,"['13', '1', '5']"
662657848_jpg.rf.6ca6bf7617bd0731eac8826b34bc8a6c.jpg,"['14', '6', '12']"
220716801_jpg.rf.cb14b778d60a58489a3f2f48b838d89d.jpg,"['5', '12', '0']"
858732007_jpg.rf.46f41da1885678f4683bca1099d1bcba.jpg,"['14', '14', '3']"
437629012_jpg.rf.fe7668a350dd32195c0773aff6b8d405.jpg,"['9', '1', '8']"
390636413_jpg.rf.b3c0162ff78f7244f586d1d1702a74a0.jpg,"['13', '3', '2']"
913602922_jpg.rf.d76d95a3edc8b85a1d2fec02ca71d3d9.jpg,"['8', '8', '11']"
384664525_jpg.rf.57af5239fcc6b4038ad7ed3cc4452a7a.jpg,"['7', '8', '7']"
670463771_jpg.rf.5692a50b4bc8127e6f4f42de9f8cdae7.jpg,"['13', '12', '6']"
528077532_jpg.rf.ed432fd14ac02425ff255c82e667b714.jpg,"['8', '5', '12']"
585971163_jpg.rf.22300ba5b1f1b92b2436b6cdfce25afa.jpg,"['11', '3', '5']"
333798706_jpg.rf.8311734891bc1aedd002ff92fb8988bc.jpg,"['4', '5', '6']"
922823623_jpg.rf.680da67fe43e4e98fb6837e896dda84f.jpg,"['0', '6', '6']"
670141785_jpg.rf.64ddc7ac6025f3438c8a6c059f6c0c7b.jpg,"['11', '6', '6']"
913232992_jpg.rf.bc3a56f056cf75f1d39abc29b6d05460.jpg,"['6', '10', '12']"
403725355_jpg.rf.8ca3d9ef5e3c2ac98036325477b4304a.jpg,"['11', '14', '3']"
471361125_jpg.rf.9503b50b37055dfa57d67178bd45cc64.jpg,"['2', '8', '7']"
840522735_jpg.rf.087aaf868164d2c9442dead853ddffc1.jpg,"['13', '7', '8']"
880227856_jpg.rf.bb51bb51db86d93ad71dba8742cc656e.jpg,"['14', '1', '0']"
442492237_jpg.rf.65630ceab28aeae410e4b5ef1fa843b3.jpg,"['1', '9', '0']"
890815765_jpg.rf.abb50b03f3e118c73fb4be2ef9099c4c.jpg,"['0', '0', '6']"
879920393_jpg.rf.f7ce2adb5b475386bc85be7ded08b728.jpg,"['3', '9', '0']"
208087248_jpg.rf.9e66fd6bb895c14147e17ae471070419.jpg,"['13', '13', '1']"
359393783_jpg.rf.c42ce5d37d3cc387474a225aa4e1fa68.jpg,"['7', '5', '6']"
612497557_jpg.rf.cbc683de1883422616cf1f0412122155.jpg,"['7', '7', '0']"
399261459_jpg.rf.8487d15b02c1f0cc044e2c42629db328.jpg,"['6', '9', '6']"
705482018_jpg.rf.1be8a681eba4c0948cccd0de7d81030b.jpg,"['5', '0', '6']"
168786415_jpg.rf.71a03d61f0f3f29ea5d61da06faf37ee.jpg,"['13', '7', '1']"
919444822_jpg.rf.f8ce9618c8f206ba9bf969b3eccefdba.jpg,"['0', '12', '0']"
478005738_jpg.rf.5ab069d2f4005f5fcef49ba9dec2daf5.jpg,"['2', '5', '0']"
376888651_jpg.rf.2aab896af4cd93b746d26ecea3ec556c.jpg,"['10', '2', '11']"
319999475_jpg.rf.b577453afaeb497c519991998e1a0734.jpg,"['9', '6', '10']"
430519253_jpg.rf.d27da2e680e4442559ecaee14b19661f.jpg,"['5', '3', '11']"
278757686_jpg.rf.4e370a534af6a720d4ece5bf417dd5a0.jpg,"['6', '2', '7']"
360158038_jpg.rf.7deda840b681e28a8df638cf1c895133.jpg,"['10', '2', '8']"
560897575_jpg.rf.9e9f71c0e5f21083aa8384838f30e29d.jpg,"['5', '2', '6']"
973288805_jpg.rf.16d3502cea66df7ffe0e006be2058e56.jpg,"['13', '8', '9']"
883961829_jpg.rf.9240563f747bf0cd4f1092074ba0dd6a.jpg,"['4', '9', '7']"
064002193_jpg.rf.2f1d793bc7dc9e5bcffb68434918f1e2.jpg,"['8', '5', '2']"
230124105_jpg.rf.c88754bf0896787cb8205f8f4e00d7c6.jpg,"['12', '0', '8']"
324968094_jpg.rf.e5cf1728f40d76aff897582aa7560d3a.jpg,"['2', '12', '3']"
291985859_jpg.rf.63bfc7588bb9a3407e15cf264aee1e69.jpg,"['13', '10', '12']"
090815532_jpg.rf.437d1a08937e4c801196b0fa6efd563e.jpg,"['10', '11', '3']"
206083540_jpg.rf.70cd03342bda429d5eeb0c29dc1990f7.jpg,"['9', '14', '9']"
006431818_jpg.rf.803f671a513572aec75708662c854e4c.jpg,"['8', '1', '9']"
333298763_jpg.rf.25f5dff0cd75793650d6d0544509b01e.jpg,"['7', '4', '8']"
158434966_jpg.rf.1edcc38a7effb3845e50551f98d9631f.jpg,"['10', '3', '5']"
947290562_jpg.rf.e18e71e91659036ac6bdeb2f3899cb5a.jpg,"['9', '5', '14']"
508258125_jpg.rf.cb21e52e854104ee472e2dbf4a060e61.jpg,"['4', '12', '7']"
713257984_jpg.rf.73cc31a59d4b0b9eddbbee5bb4210899.jpg,"['12', '5', '8']"
809825596_jpg.rf.d9c5345381ac2c8b8ad9c935c4a7d40b.jpg,"['13', '12', '2']"
848894691_jpg.rf.caf2782595036d3cea649ab103aa0a5c.jpg,"['14', '2', '7']"
592323800_jpg.rf.af7478d432dc7aefb2df4a4775e66df1.jpg,"['2', '5', '1']"
534242678_jpg.rf.18ba7249970729ad4bcefce92f2ddbdc.jpg,"['13', '14', '5']"
314663261_jpg.rf.affa9f3f76647a4097229e58fd1de505.jpg,"['1', '7', '11']"
739989528_jpg.rf.e1124dd2ecd3564523615ee9128bfc68.jpg,"['1', '3', '5']"
218185970_jpg.rf.39a901255cf70b002135bccf558a36aa.jpg,"['13', '2', '0']"
736722086_jpg.rf.ce629af0d474535474d8b9029cd33776.jpg,"['5', '3', '0']"
587035625_jpg.rf.ded7bd3c7228855abc491161af7f730d.jpg,"['13', '1', '2']"
696990353_jpg.rf.5f9dcec2654a2d9c1b89bb20128916ee.jpg,"['4', '5', '6']"
149928980_jpg.rf.020ce052767a400956d763dae072cb98.jpg,"['13', '10', '1']"
593207671_jpg.rf.a10ab8001d2aef16dd820a121199909a.jpg,"['13', '13', '1']"
157482916_jpg.rf.5a9ea3ba69bf9d3739eff482eb62e476.jpg,"['5', '14', '4', '5']"
222487661_jpg.rf.35a9e551f1f2b237c723c7993104cba6.jpg,"['1', '11', '2']"
618295376_jpg.rf.2191581aba0952b934b5bc22a64d4877.jpg,"['10', '8', '4']"
202863488_jpg.rf.899854d9e556de91b5f7388935575904.jpg,"['3', '7', '0']"
437127856_jpg.rf.c83679c96313a8cd97b9d9c1bca2cd19.jpg,"['10', '6', '5']"
957299245_jpg.rf.d1da409943c0349ea4f4827aa3593304.jpg,"['10', '9', '10']"
329215778_jpg.rf.754a4978818152fb06a0c6684e447aae.jpg,"['4', '0', '10']"
662572623_jpg.rf.a91e7f6b9690ca4e2b71fa5ddaa2d287.jpg,"['7', '10', '8']"
818248931_jpg.rf.3a314f25fd04f8279867072d5db0cbd4.jpg,"['9', '10', '6']"
936605426_jpg.rf.f499d1f161d1e9bfa4893169803f56a5.jpg,"['2', '6', '11']"
291524629_jpg.rf.3d182e82f8a96c4b2b3c79d63a68adb6.jpg,"['13', '3', '8']"
428701466_jpg.rf.32735bc0d4808f84b1b9fbaabe241d3c.jpg,"['14', '10', '11']"
852115519_jpg.rf.72e546a3587c84eb6fde50eac18ab1d9.jpg,"['7', '4', '1']"
861645337_jpg.rf.d1f68012def57e416fd5ce7430e38426.jpg,"['7', '10', '4']"
582778135_jpg.rf.486cee33e76ff56914102bae9e1e9063.jpg,"['2', '3', '8']"
909973433_jpg.rf.465adbed1a06e3dd8ebbb28c1cb28e74.jpg,"['3', '4', '7']"
129735688_jpg.rf.e201cebe40ca0f612c714070539f9784.jpg,"['13', '13', '10']"
503807633_jpg.rf.d95e05485e9a674f9e827b143a01efc6.jpg,"['10', '8', '10']"
279197788_jpg.rf.b7f200ba1feba29c4507e32bc2150e44.jpg,"['8', '6', '12']"
466333602_jpg.rf.d440faeece8cddf84b9e5d763794eb8f.jpg,"['13', '14', '7']"
845932514_jpg.rf.bc16594dcc5803c03f6f924d1ca2b051.jpg,"['11', '14', '9']"
385981787_jpg.rf.1a2db2aa055050a962094d80e9ba7429.jpg,"['12', '10', '8']"
254309044_jpg.rf.02c1954e1acef5b4cd4e260547b15f12.jpg,"['1', '11', '14']"
832636410_jpg.rf.65fde01fa0e3f860cac2dfa35b8b88ff.jpg,"['10', '8', '7']"
428767561_jpg.rf.ced730db98a415882949f0ad8f15382e.jpg,"['10', '0', '3']"
219398870_jpg.rf.fc2b6fdccee6908610f8ec6771d4276f.jpg,"['13', '8', '4']"
885790224_jpg.rf.de105f65c7f436a7df54a91f407763ed.jpg,"['4', '4', '0']"
681249327_jpg.rf.76dfcf80b8ec3d5caeded73151cef1ec.jpg,"['12', '2', '3']"
651367368_jpg.rf.d1984688e4df84f491b808779eed7cf2.jpg,"['13', '13', '8']"
294002407_jpg.rf.e22b819bf546775bc7f69898e651bd7a.jpg,"['14', '0', '12']"
221511194_jpg.rf.2d8968d2cbe493356d505caa41398a38.jpg,"['9', '14', '5']"
370448256_jpg.rf.cf3287180a7d32da3a0be3fcd1c7fd77.jpg,"['14', '14', '0']"
698832562_jpg.rf.aec71b17a9517bcb108cd11453036ee8.jpg,"['13', '14', '7']"
015012266_jpg.rf.a6794adcd451500f450629547a3f019f.jpg,"['0', '12', '0']"
649404199_jpg.rf.657636d8a87f68e4f228ad998391edfd.jpg,"['0', '12', '4']"
037066066_jpg.rf.8216d3d79db67164e3080b0ffd71e5ad.jpg,"['1', '2', '5']"
999034274_jpg.rf.6757ee3b89a55d78578cd96c8fd1c5b1.jpg,"['14', '3', '4']"
345313245_jpg.rf.731c830c702769ca435a1c345c4f069c.jpg,"['14', '11', '3']"
857133718_jpg.rf.ce7339907e7f0e77a4c4d405c52dc72c.jpg,"['3', '0', '3']"
493787517_jpg.rf.460e0771fb3d9574df0c0a38a20308c0.jpg,"['13', '3', '4']"
163467691_jpg.rf.7282cb01bbf43a4f6551c54bb2864cd3.jpg,"['13', '11', '5']"
754726571_jpg.rf.4a14f1cc6d4dafb0ce28f1d5a0875d77.jpg,"['13', '4', '3']"
015884271_jpg.rf.c4051ba141bd664a180f367aa633e0d8.jpg,"['13', '14', '12']"
024812356_jpg.rf.172e1fe4f44a3efdbc7eaf0b3be16400.jpg,"['1', '4', '8']"
691971863_jpg.rf.218f3fe1217b1e48229771831aaf4b26.jpg,"['13', '5', '3']"
339830182_jpg.rf.391ae9b32417fa874817030b44ee47e7.jpg,"['8', '9', '12']"
470769472_jpg.rf.44fb7f944a2713d9bd913601cefb01a2.jpg,"['6', '9', '6']"
667840670_jpg.rf.aaf16ec29b257d27caf96b772bcf710b.jpg,"['12', '3', '6']"
785246469_jpg.rf.6519121bee1c93a587cb981743ee8628.jpg,"['13', '12', '10']"
883216289_jpg.rf.ecd8c6671372cbf4687ba105f3278756.jpg,"['6', '1', '14']"
920577235_jpg.rf.4d36a34534f784dfbb7ae86a817785a3.jpg,"['11', '5', '8']"
811336724_jpg.rf.d9571417ff22ca2a1be94afae26a6795.jpg,"['4', '6', '9']"
448872224_jpg.rf.260650cee7137f38c0ef675823beda51.jpg,"['12', '12', '9']"
612124760_jpg.rf.661b5927ac6f836770d7366fbcbdcf15.jpg,"['7', '10', '14']"
999280053_jpg.rf.538a9ecf1dda701c9cb3b9f8f146e696.jpg,"['1', '9', '12']"
790506014_jpg.rf.f2f4cbc89e07388c633fee16558afdde.jpg,"['13', '6', '9']"
800261748_jpg.rf.cf9de2f7f8a6304c2ebe1debfbd886f1.jpg,"['12', '14', '6']"
335595586_jpg.rf.3f9cdf4afd00ab6e0508c4e4b706441c.jpg,"['10', '11', '5']"
109438379_jpg.rf.2857c647cb686f94a721f2fb7984a026.jpg,"['14', '3', '6']"
984039018_jpg.rf.654c34601a63105e5085365853c743e1.jpg,"['12', '14', '14']"
281297784_jpg.rf.adadb959a1a544daf7b608b90fbc1603.jpg,"['6', '4', '6']"
366756145_jpg.rf.6c117d070a9b73e3eb33e2c77d6da6f2.jpg,"['10', '12', '0']"
243027601_jpg.rf.9d867093c8587e4f26db9a9a2432ba65.jpg,"['9', '8', '3']"
681989107_jpg.rf.cd759d0ecd355b21a1fce29c48829c80.jpg,"['1', '2', '7']"
826859324_jpg.rf.551ef74deb83289cc5aae5cf9379f269.jpg,"['11', '14', '6']"
753040402_jpg.rf.917ec9dcf673d432e1efb7da19d40b0f.jpg,"['12', '3', '8']"
056709076_jpg.rf.9fd8e6282721b8e8c5e58a9b05c0dfb5.jpg,"['11', '8', '9']"
587455101_jpg.rf.8a6027f8d3852efb0ecf5770e02925a0.jpg,"['13', '7', '5']"
931708385_jpg.rf.9d16fc07ef52df6926cada4a1aec62d0.jpg,"['13', '8', '2']"
388550861_jpg.rf.3bd79398a355c8dc8760ea3af0323dc5.jpg,"['13', '7', '9']"
654074070_jpg.rf.83b9bed100b014124c275dcea5bd6995.jpg,"['0', '10', '0', '12']"
935813495_jpg.rf.e568b870e2ef3e6dc627580cf76e7763.jpg,"['3', '12', '10']"
040078970_jpg.rf.739bb046ffd5d2ef20e2ac96e12418d8.jpg,"['12', '13', '6']"
735560392_jpg.rf.4e2c00d8fcfd1e69e653332bdd228116.jpg,"['9', '12', '11']"
199580494_jpg.rf.2a2a1f1fc8a3db072503b853d4562de3.jpg,"['2', '4', '8']"
194684387_jpg.rf.1696b8be8cf9267be5b3bac1b09270e1.jpg,"['11', '3', '7']"
373822534_jpg.rf.577adcac11e75a0638fc7765a7218760.jpg,"['10', '12', '7']"
396073443_jpg.rf.140a0b259426f09c7b947ef08a92e092.jpg,"['11', '11', '3']"
725373251_jpg.rf.26cd0e050fd5e61dcbeea20f9ab5a958.jpg,"['1', '9', '0']"
425548973_jpg.rf.454bf986ae5426f313ec8ed2b3697b92.jpg,"['13', '7', '11']"
676371042_jpg.rf.1153a7daca814426da90d7e0406ac8d5.jpg,"['11', '4', '2']"
681678478_jpg.rf.e7c6ca78c08d4fd150ec3ebcf998fd47.jpg,"['1', '5', '6']"
306135716_jpg.rf.34d5662ada38a11af7f2a6c3456b72cd.jpg,"['11', '9', '12']"
613736642_jpg.rf.4f31b13a69891e8371c747fc8d39a883.jpg,"['12', '4', '7']"
225354942_jpg.rf.bab27e5d2b5e5d337216418c6c5bc845.jpg,"['12', '10', '6']"
328577380_jpg.rf.7f478f638aac5d31c8226488e0ead498.jpg,"['13', '10', '1']"
065263310_jpg.rf.c401be33ff10b7d07b282b93fdf0124e.jpg,"['0', '2', '7']"
880834405_jpg.rf.599055bc5772ead7d01abe9b3f5ca447.jpg,"['6', '7', '11']"
345899838_jpg.rf.c747348f541dc30965b91377eea569d0.jpg,"['13', '14', '7']"
129358936_jpg.rf.f1ba7671580e8b3ed8c4beaa871b99da.jpg,"['13', '3', '6']"
673738993_jpg.rf.ba36ab84961c1cfa0b566690707af92f.jpg,"['1', '2', '11']"
384411338_jpg.rf.6ae854693a76a9c0df72f77b500f0661.jpg,"['7', '7', '10', '0']"
350450294_jpg.rf.ac7bf06bdb2928bba40a5a38ba60a6e6.jpg,"['6', '12', '8']"
177794461_jpg.rf.d5f124de5cf2b05546302c6254fb8cc0.jpg,"['8', '7', '12']"
375830488_jpg.rf.271019049c17dd2895ff399262ff6b85.jpg,"['3', '11', '4']"
877277833_jpg.rf.fc419a3c2d013f7a314571d107c57c69.jpg,"['13', '13', '3', '9']"
831802794_jpg.rf.51ae461d6c6905e041793828ce893ee6.jpg,"['13', '12', '2']"
626098827_jpg.rf.aa2c00737585a309d05b4db65244ab48.jpg,"['7', '4', '12']"
969236719_jpg.rf.1c42c2fd76e0f3855db02d8d541ab3c6.jpg,"['7', '4', '8']"
406879834_jpg.rf.5a9e3bd3f92032a632904bb51df851bd.jpg,"['12', '12', '10']"
038633714_jpg.rf.16df068b5852c75e6ef6b4a3b74f4ff0.jpg,"['1', '12', '8']"
691934374_jpg.rf.5c9beefc11031ecb21d53a8929ed2c3f.jpg,"['14', '5', '4']"
813910081_jpg.rf.923910ad454e8db597d21e6fb79f20f1.jpg,"['4', '12', '9']"
864187204_jpg.rf.b1241b873c1bb452385aa46b4afd3e7c.jpg,"['3', '0', '2']"
461251416_jpg.rf.475d8204d49e78fed5e361a269eb9759.jpg,"['1', '6', '8']"
919269180_jpg.rf.cdf9dc747ba2988b8bdc99d6421cf3d0.jpg,"['13', '10', '11']"
788452894_jpg.rf.7ba0178b81d46338a0f49aa207c0b02d.jpg,"['13', '10', '0']"
418503970_jpg.rf.23a96a540d3dc3b413ecb82e48290fb3.jpg,"['9', '4', '8']"
599861262_jpg.rf.8596f16d4748cb5a0f7cb4b7e10f63b0.jpg,"['1', '9', '5']"
833121154_jpg.rf.8c08d076da62c3d734a6f1849943c904.jpg,"['14', '12', '0']"
951104226_jpg.rf.5eb029b6300ca2a39b67c6a93823e38c.jpg,"['14', '7', '6']"
439357097_jpg.rf.654c9b5c80b6c4476c88d1863f45e92a.jpg,"['6', '8', '7']"
110560280_jpg.rf.eae0756525cb4ece47385f2b2bbb3744.jpg,"['10', '10', '0']"
693161007_jpg.rf.d2b0a1f89d113ad860910b1116dbc4a2.jpg,"['13', '13', '7']"
275861552_jpg.rf.ae4ac3dee126eea8164b512da44d48b3.jpg,"['8', '4', '0']"
467866119_jpg.rf.313ffd7ca24890bcf6c3d282334c8243.jpg,"['14', '4', '9']"
687443094_jpg.rf.3202b03c6816738ece3104e8d88cd83f.jpg,"['4', '8', '3']"
711926229_jpg.rf.2516de8699a23be5665bb05cd2e98585.jpg,"['13', '6', '4']"
299358203_jpg.rf.4dfd8c9704a8ea76365c0658d5c5b74b.jpg,"['11', '8', '2']"
897833079_jpg.rf.90f7ae29e8cb2260bac4df1764ed1a06.jpg,"['13', '6', '9']"
319129003_jpg.rf.b8e69f67c939c798676699656666a97d.jpg,"['12', '4', '8']"
049659472_jpg.rf.89958794bba3814284db8f8f4911314e.jpg,"['11', '10', '6']"
616551923_jpg.rf.04d25c5a569058940d7873784935e718.jpg,"['5', '1', '14']"
414295141_jpg.rf.cb8d6ee341f4ff09eb044bf62f5d1a7a.jpg,"['13', '1', '0']"
146007773_jpg.rf.cdbfd26f5e7342bfb3df12ab44043569.jpg,"['12', '12', '3']"
262274518_jpg.rf.a9d342f138b3e9fa0e010cef20cffcce.jpg,"['13', '10', '0']"
447809427_jpg.rf.b4a966b6808954dadec8bc4b53a0e858.jpg,"['9', '8', '12']"
107325066_jpg.rf.8cbc22ca3f787f339a6c03b4e4942ee9.jpg,"['12', '1', '5']"
598467080_jpg.rf.f63d783977f31cb5b136ac9c15284f2b.jpg,"['9', '14', '9']"
717620450_jpg.rf.4a52d9468b85d7b1929cc6d1b8ecbf5f.jpg,"['10', '4', '5']"
456046901_jpg.rf.0de5100f31e9b6ca51263e9a8f1c2113.jpg,"['14', '12', '11']"
329612360_jpg.rf.8537b26b714d0f2a557cea39965b847c.jpg,"['4', '2', '3']"
620135438_jpg.rf.f7bed0c6d9ab09e66e67e9b7497ae293.jpg,"['7', '3', '6']"
551458948_jpg.rf.5ee7d8d68e89f2e88d847c66aaa7ee5d.jpg,"['9', '9', '8', '8']"
175053244_jpg.rf.580fc11069e676db90dfd343b6190367.jpg,"['7', '9', '0']"
574015403_jpg.rf.0d3978f24e542a7b61f00c9507e35de2.jpg,"['13', '11', '4']"
093342753_jpg.rf.b473e3276dab613e15f80de3f1751b61.jpg,"['10', '10', '0']"
763483634_jpg.rf.b1148feb2c533c003c6a7b43691f4b80.jpg,"['11', '0', '0']"
117545192_jpg.rf.2fc6a140440360f4c57ad545c9a60b54.jpg,"['13', '14', '12']"
761929470_jpg.rf.2d41538aa47ef97f1d5666b547b3decd.jpg,"['13', '2', '9']"
632403663_jpg.rf.c501e4d26037aaeeea8a7bdfb9006fc3.jpg,"['6', '8', '5']"
641143660_jpg.rf.ab497e5ce36087746f354c7901fad5bd.jpg,"['14', '12', '11']"
893258756_jpg.rf.9ebe4e174dee5ba46ac412de8dd8ea49.jpg,"['13', '14', '2']"
290038339_jpg.rf.0c80d81aa409458d6ec743d8160c0b2c.jpg,"['13', '5', '12']"
235721923_jpg.rf.025541ddb9ea106f2bd9c9067919e4d0.jpg,"['8', '3', '7']"
093602350_jpg.rf.4a431401ad2f0eee58250f5ca70dd278.jpg,"['12', '10', '0']"
691528970_jpg.rf.f4ce254b4b21a416190325f039139b72.jpg,"['5', '8', '3']"
048056523_jpg.rf.c092abb456e68d1ddf49cb6682b6f1f3.jpg,"['9', '6', '6']"
902681762_jpg.rf.1506e0cebebab2196b6f4c9a5d268efc.jpg,"['13', '7', '5']"
089991059_jpg.rf.82b410520c81675a8b9060ede4e16b55.jpg,"['5', '6', '12', '5']"
786612555_jpg.rf.fc5e3056afa5f3e43b3cc6c35edf61db.jpg,"['12', '9', '6']"
243655280_jpg.rf.a9de5cec56c4b31c82245364f75c8942.jpg,"['10', '10', '6']"
056697142_jpg.rf.41f8af83f9118c1a25e49726cbcfa927.jpg,"['13', '5', '0']"
507848538_jpg.rf.63699915c9b4b3c398475abeabc6fa87.jpg,"['11', '6', '3']"
375976965_jpg.rf.824894302fa3442603ff799f59db9e6f.jpg,"['4', '12', '5']"
000617146_jpg.rf.9a73ec0c236422d69b4f7534122ca2f0.jpg,"['7', '2', '0']"
974447540_jpg.rf.84e681ea04fde9faa8f1dbb711561b67.jpg,"['14', '7', '0']"
348305523_jpg.rf.c9a9693e345ae1f095ee685588ab6f88.jpg,"['9', '4', '0']"
240308160_jpg.rf.33148bda84cba23801734c4458a55d38.jpg,"['14', '14', '5']"
066586209_jpg.rf.78eec005d2d4b4143b9ad616e624e0e3.jpg,"['10', '1', '2']"
105202656_jpg.rf.6f56a927d420180ea6db4169f673ae1f.jpg,"['13', '9', '5']"
316330451_jpg.rf.f8a1161329fa3d5cedde1c66d754146d.jpg,"['13', '6', '3']"
462716849_jpg.rf.717a8142ac6b47617407721a032f2b8c.jpg,"['6', '2', '3']"
576789946_jpg.rf.0b34ba6b440374b02a07702ff401c610.jpg,"['10', '9', '1']"
885539220_jpg.rf.8a457472742811c48a2eaed93e506368.jpg,"['1', '1', '1']"
204634874_jpg.rf.dfed8fd7f2bc730e5fcff6abcacabd23.jpg,"['7', '2', '6']"
173465056_jpg.rf.d5566d2a5936046a27769cfb4bd687b2.jpg,"['1', '11', '5']"
886681535_jpg.rf.3b15269ebc4c88caf50c152b1c3fc20f.jpg,"['2', '0', '2']"
117273994_jpg.rf.061fddf3a73a3fd9ce0db5378b166db1.jpg,"['13', '3', '3']"
602817271_jpg.rf.f581ac0d4487ec8ef89fe8a0201c27db.jpg,"['13', '14', '0']"
246879250_jpg.rf.1acb5d1fcc1aaf24edfdfb149b7f066a.jpg,"['3', '9', '9']"
805959235_jpg.rf.0296455a92f1704efc16ae0327f8dbd4.jpg,"['11', '12', '9']"
169201717_jpg.rf.d80399ff5b6070affb6dd54ca891c630.jpg,"['11', '8', '5']"
192859908_jpg.rf.f600dc92e2cbf7fa5c7751d3ac01f23f.jpg,"['12', '8', '8']"
227756763_jpg.rf.79ae99c0439046abd58e4b204cf61ae7.jpg,"['10', '5', '3']"
756006947_jpg.rf.bb57c3613abc2852afa959e81197005a.jpg,"['1', '8', '5']"
294698188_jpg.rf.d3c0ab07659ab20f111bdfa759151201.jpg,"['7', '11', '11']"
636135882_jpg.rf.f112ec9d5817e5defa69e363e88d6639.jpg,"['13', '7', '7']"
511106877_jpg.rf.1acc946f4acb00b8c224850f5b48f16d.jpg,"['6', '12', '8']"
579824830_jpg.rf.f01dcb193f833836909503b29f67f6ac.jpg,"['6', '2', '5']"
122578287_jpg.rf.9e8bddd05f5a0d374d17b65dca0c698d.jpg,"['5', '6', '3']"
711963437_jpg.rf.d75dfabc958afed43960160117fd34b3.jpg,"['13', '8', '7']"
495299394_jpg.rf.e2700acff7f5f822aecaf9836db4db34.jpg,"['8', '11', '11']"
169346380_jpg.rf.217fec46059e1189acdbf20cfd0c5c21.jpg,"['13', '12', '10']"
823019499_jpg.rf.a9367cec7dacf6233dccb9800b4fafa0.jpg,"['11', '12', '11']"
649398318_jpg.rf.d2fd3e0206f65e6ca3d6ed5e7809deab.jpg,"['13', '11', '3']"
021433089_jpg.rf.a9ca3c54923113976401485d51f832d7.jpg,"['0', '12', '11']"
436467221_jpg.rf.1594e33580cd2f6f95ecfead5e9f0ef2.jpg,"['13', '10', '2']"
624511142_jpg.rf.019c743665deb8de2e5ed2d97302a89b.jpg,"['10', '6', '5']"
414690123_jpg.rf.7793d411a9f1da0f67c314518e457ff0.jpg,"['4', '9', '2']"
894794376_jpg.rf.57fc79766c9db8c9671855c0f7fbec60.jpg,"['9', '8', '8']"
945436900_jpg.rf.f079393bdba7f7d77f4d119a78b327ad.jpg,"['7', '2', '10']"
647542813_jpg.rf.94795a4bffabd572fc5e4912138ed10b.jpg,"['9', '10', '5']"
942225716_jpg.rf.aa430f5502dee348ce62443e5974a03a.jpg,"['8', '6', '9']"
417093377_jpg.rf.ff56e4937bb2dc631b0e44f71bb478d4.jpg,"['10', '11', '12']"
604789606_jpg.rf.8444eedbdb9dc10aa1c495d03c57e584.jpg,"['10', '11', '2']"
124977477_jpg.rf.0256e42015ce2c3985c91cbf8507c5d6.jpg,"['4', '2', '3']"
114161155_jpg.rf.3ce033962fc2f3219852f9bcb681cf7d.jpg,"['10', '9', '7']"
444390723_jpg.rf.9083f3e41ca740c5293d13ef323408bd.jpg,"['1', '9', '4']"
117333482_jpg.rf.ad89f389768f17e7e61d2e7d1d7e0d30.jpg,"['1', '0', '8']"
965063573_jpg.rf.025ddc0819b376e72cde3e7546056965.jpg,"['3', '11', '12']"
238047736_jpg.rf.d238692249e5461fb6f910c09f677ffc.jpg,"['4', '11', '4']"
480287572_jpg.rf.4edaa2766cc5a30ac3c3c1286cb06b87.jpg,"['11', '9', '4']"
299918314_jpg.rf.c5179fab7d3c80df312e9f4936aea449.jpg,"['1', '6', '7']"
541170965_jpg.rf.fa73c77921c53a248e77c66ac2538c1c.jpg,"['5', '11', '7']"
488983252_jpg.rf.3e41715d8ad4143db4c56f55c653ceef.jpg,"['13', '6', '11']"
706274133_jpg.rf.a7cbfd3a3a47b68d945946c2787a0993.jpg,"['10', '3', '6']"
689327179_jpg.rf.bd7116ca4e328862df56ce8f0158a1d8.jpg,"['13', '14', '7']"
551644549_jpg.rf.439771a7ca2bc755f72914e73873122b.jpg,"['1', '6', '2']"
934528893_jpg.rf.cf056517ddff1ac8baa93d3d6dea3a52.jpg,"['5', '11', '5']"
201250751_jpg.rf.437fbf6943e1fa9af5246d703bb1a2a5.jpg,"['0', '0', '5']"
612106271_jpg.rf.a5957e34b1fdbcbd3c7cdb738e45238a.jpg,"['2', '9', '2']"
577527058_jpg.rf.7b25fd5bab3f898f5b57c3a62604b160.jpg,"['14', '3', '5']"
778979513_jpg.rf.4af014e6787741e687074e9406ef865f.jpg,"['3', '12', '5']"
617260554_jpg.rf.45e32d3329ba776e656700a4aea2a376.jpg,"['12', '14', '11']"
532575738_jpg.rf.ad95896dc5e9065910248bdd7ec75e7f.jpg,"['14', '7', '4']"
625838214_jpg.rf.956c52c0c1606e48390f4802b315132e.jpg,"['14', '10', '9']"
638526857_jpg.rf.1fb487748bb2a2d1e2eab716f2c6ce13.jpg,"['1', '5', '12']"
838840571_jpg.rf.6d5a63adc421f6cc92a457c6b2c59da8.jpg,"['6', '0', '9']"
004416543_jpg.rf.00a0c3317b469e738b0b78625e1cfba2.jpg,"['7', '6', '0']"
336442901_jpg.rf.221346053862045c563f1d0eb3d04c8a.jpg,"['8', '14', '2']"
660544397_jpg.rf.cd145a31d6ee4d083d1b6b561f8ba99c.jpg,"['11', '12', '5']"
223430510_jpg.rf.bd0d5059c4e12d1a5c63969626c3ede3.jpg,"['14', '8', '11']"
695045029_jpg.rf.abb548a01dd84e44505261e3f7a74812.jpg,"['4', '5', '8']"
198744126_jpg.rf.df6f82e762c377b9f5c62f209a5e7fdf.jpg,"['13', '2', '9']"
911324708_jpg.rf.8fe0fc987e6b15278a8fafbfbcdabe1a.jpg,"['13', '12', '7']"
721857419_jpg.rf.ae07ffe724faa767146bc789377d8854.jpg,"['13', '14', '11']"
273963923_jpg.rf.3e7b7ebfe053ec699cc09f9bdd7e1e09.jpg,"['9', '7', '5']"
003929982_jpg.rf.0695d8226373a92f919f69cf5565307d.jpg,"['13', '4', '4']"
383153280_jpg.rf.0574e1117ff8f3499845c5e02b5f789b.jpg,"['7', '7', '8', '8']"
477492324_jpg.rf.851ebbf59cbd60060b4c1d7cfbc5bafd.jpg,"['14', '3', '3']"
729693281_jpg.rf.17563600e09aad60622d2ecdae2fab3b.jpg,"['6', '14', '10']"
252552025_jpg.rf.22a67018ab16292c1ab36ba92f660e1d.jpg,"['4', '2', '8']"
170126360_jpg.rf.f0bbddc47a0d8a557407e8c2beddaeb7.jpg,"['7', '11', '7']"
087267142_jpg.rf.033ecd6d2459cc3d5a5f26944e277e40.jpg,"['13', '1', '8']"
837883590_jpg.rf.f46d37d870fcf10edfe22d64f168d511.jpg,"['1', '12', '10']"
141941523_jpg.rf.8394d135d11c4809e4386dbb0f690a5f.jpg,"['6', '0', '6']"
870473857_jpg.rf.0f28a424c303be92c5bab03d81101d2e.jpg,"['14', '7', '5']"
265839898_jpg.rf.07788ff8029514f581d45be076e8d4cf.jpg,"['7', '1', '7', '8']"
590172301_jpg.rf.59f700ad29a886fcadc69462edd6492f.jpg,"['14', '10', '3']"
557034118_jpg.rf.bb49d486eabccf1dbe0e0d39931c47b4.jpg,"['13', '7', '0']"
716744739_jpg.rf.c9805f0d1bc85d1f28adde3e8ab16e96.jpg,"['1', '8', '3']"
772843218_jpg.rf.4f67fed6bcd1ac708904ac3e0b47e8d8.jpg,"['13', '8', '4']"
637762333_jpg.rf.f13d3c346f3b7f15e7ca6e60aadcca7a.jpg,"['0', '4', '12']"
400118103_jpg.rf.da3054672bc20ba27290ddb4cace629e.jpg,"['2', '9', '6']"
565311189_jpg.rf.0d41a2914766b35530f296801c26dbc2.jpg,"['8', '0', '11']"
023559268_jpg.rf.2df8f04a3e8ae346b0a8e3e50ca7f861.jpg,"['13', '13', '14']"
868403592_jpg.rf.f17dd0b8511c1e2282a484945a78cadd.jpg,"['6', '10', '9']"
285628109_jpg.rf.b019d0cbbc9d266bcbe7263657340cb6.jpg,"['1', '2', '8']"
441625644_jpg.rf.a7435bec22b734ece68733b0cd049136.jpg,"['2', '4', '9']"
307998537_jpg.rf.3afbe1ff6c09732646dab7d9fd066855.jpg,"['5', '1', '12']"
166406607_jpg.rf.ad87d50dcb8ff4f80a2bc7d06a54e5a3.jpg,"['0', '2', '7']"
781726857_jpg.rf.3b15c24ac86d0e834c55b772cef7fe4c.jpg,"['14', '0', '5']"
379482511_jpg.rf.b47f7bdd435661878cdf692097865fd1.jpg,"['13', '11', '9']"
737027406_jpg.rf.b3e5743cd4b315150b9a12a491433994.jpg,"['1', '10', '9']"
999469215_jpg.rf.96d900a1f869e14e685fb063d58e9267.jpg,"['6', '2', '2']"
103360348_jpg.rf.0b6c60a474dde8dbbd29868f8a0fc6c3.jpg,"['11', '4', '3']"
809374529_jpg.rf.7821d02f53c6a52c98cc9d2b7b49d253.jpg,"['3', '0', '7']"
331453674_jpg.rf.3ee9768e06775a66e1981fee83d863a2.jpg,"['7', '1', '14']"
854117659_jpg.rf.e4f0b744bb4fd265e52eaf6b3fdebee2.jpg,"['12', '6', '5']"
643454803_jpg.rf.3c4c39c93a1577f966f8ff9f6d226815.jpg,"['12', '11', '1']"
727277218_jpg.rf.533b2aa7380ff752d8e4c4b56495facb.jpg,"['7', '4', '7']"
308025691_jpg.rf.d3891721a57769129063afb781b3d833.jpg,"['2', '6', '0']"
614595501_jpg.rf.655eec0837aefe5966fd6f54802758d1.jpg,"['14', '3', '11']"
896829648_jpg.rf.59935abfe78800799af47a36221b65a2.jpg,"['13', '2', '1']"
367455884_jpg.rf.e281f787761388bbe5da75fdb9ed81ef.jpg,"['6', '0', '12']"
042890789_jpg.rf.5a23213175e06fa038a827f5c66d786f.jpg,"['11', '3', '11']"
905828876_jpg.rf.b840dca46bd880fa7790f278441b48e1.jpg,"['14', '11', '1']"
911010172_jpg.rf.1d13d1a7d63c702b85bb333714f17c40.jpg,"['13', '0', '7']"
807060426_jpg.rf.04d810a8fd97b23746a08abf9c9935c2.jpg,"['1', '9', '0']"
370069073_jpg.rf.b15c0a765d6bab1205e8b405dc0eb0fe.jpg,"['8', '4', '10']"
771753384_jpg.rf.eb65a31af0fc60882fcb8718b62abef8.jpg,"['8', '14', '8']"
000090623_jpg.rf.065d1d708415086f5fc8c36b677ba053.jpg,"['1', '9', '0']"
132943923_jpg.rf.75d8e9a3adec2887c61f19f486638e1d.jpg,"['12', '11', '2']"
488232404_jpg.rf.f34314d6ce3385dd9a35f7eedde2c361.jpg,"['1', '0', '6']"
276573283_jpg.rf.57298f58794240b438c0a8ca2b224a20.jpg,"['7', '8', '9']"
511741691_jpg.rf.e6bee6d8e38590591499526aa784133d.jpg,"['3', '4', '3', '0']"
048008140_jpg.rf.35ac0ee7eb2e707eb1dbf0ac50477034.jpg,"['12', '1', '5']"
758529906_jpg.rf.d389eddad43e39b6c48c7889ea4c725b.jpg,"['1', '5', '8']"
334149427_jpg.rf.c7609ad26473d43cf708737e62eb07e4.jpg,"['10', '10', '4']"
829356962_jpg.rf.d752c212ea1b81d11f5635dfae2ff53f.jpg,"['14', '5', '3']"
212651378_jpg.rf.38e6a85c60b0db793393c8b218b7efc1.jpg,"['13', '12', '10']"
496722585_jpg.rf.0af83714b556efe2b13933d8c2bc8807.jpg,"['8', '11', '5']"
196332864_jpg.rf.a3a0b9694f25a19aea266d0f876fac6e.jpg,"['14', '14', '2']"
051193316_jpg.rf.6de18fc7285889ede421ba163ab19fed.jpg,"['8', '9', '5']"
354358116_jpg.rf.e11986bb39b07e2f5a5ba603aee46d2e.jpg,"['2', '1', '2']"
071064665_jpg.rf.a951bc07e6c3032db8beeea632367ec2.jpg,"['11', '11', '11']"
861129082_jpg.rf.f92f91d976f0a3c846684fcc9dfa0f46.jpg,"['6', '1', '0']"
454264625_jpg.rf.8c68191024a583b006d65d82df696ebe.jpg,"['11', '5', '11']"
006645394_jpg.rf.46ccfb53897898ccf399f6c4dee08a20.jpg,"['1', '4', '11']"
758685432_jpg.rf.9db92124b34985761905488530701ba5.jpg,"['4', '7', '10']"
140105186_jpg.rf.7b7ec8e09554d703d271d50de087794f.jpg,"['14', '9', '6']"
578193638_jpg.rf.59d5d4bd04b6e1f4149232d740fb4acc.jpg,"['7', '9', '8']"
592109565_jpg.rf.71df6de0a1514800bb84a2fec560ba0a.jpg,"['7', '12', '6']"
200988170_jpg.rf.883408aaaecb58a40efc91349d8dc79f.jpg,"['2', '4', '7']"
904989576_jpg.rf.e17055e3ec04864a1ae6b386177be4db.jpg,"['3', '11', '0']"
184818982_jpg.rf.ac327045d6f86fc339ed2a62db291564.jpg,"['11', '11', '1']"
761943067_jpg.rf.02d393c145858b6a55f6010ae0deb54a.jpg,"['13', '13', '4', '1']"
571655140_jpg.rf.9b80916289b6aa2caa3756020e624162.jpg,"['1', '7', '9']"
298105823_jpg.rf.10d3bb6bc29f035173be589c0df91d61.jpg,"['9', '7', '0']"
924267221_jpg.rf.028b789b7bb5d64a2856eec6ea4e5c8e.jpg,"['13', '14', '7']"
068515884_jpg.rf.be21c6632da90ffb7a41109e1d1cdbdf.jpg,"['5', '12', '1']"
079155517_jpg.rf.b4488bd1a641eab9656a6131ac00ae99.jpg,"['5', '8', '7']"
946866079_jpg.rf.b951fcc2a141c338ac6de96b1f05c049.jpg,"['14', '11', '0']"
907563055_jpg.rf.eaf7275fab9e69abe34443fe06d201ef.jpg,"['2', '8', '7']"
473280315_jpg.rf.e0d0ef27f100f9abd42eaecee5ec5fe3.jpg,"['1', '10', '12']"
506230364_jpg.rf.6cb07e63a3526c8a045bb2b8f1691f0a.jpg,"['7', '6', '7']"
704242679_jpg.rf.1dbf1f497bb1752faa2c4dd393570c0a.jpg,"['13', '0', '2']"
436178537_jpg.rf.37665ce6786c406fd98b54a0acb62d97.jpg,"['1', '3', '8']"
039382554_jpg.rf.0187224756acec31f329b9d623a8e746.jpg,"['1', '6', '0']"
807992498_jpg.rf.f7097616823069eb20e2a08f67630a4c.jpg,"['14', '6', '0']"
347771176_jpg.rf.4c59df81e023551be1ad2752aadd9f99.jpg,"['6', '2', '0']"
940720212_jpg.rf.3e135754f4525009b35128b419ef28e4.jpg,"['12', '0', '1']"
114108126_jpg.rf.8cc6ce50940b29fadc816b7cddfe2da2.jpg,"['12', '12', '3']"
675502187_jpg.rf.de8f12e5a5f5f871b8e2e44b0aeffc34.jpg,"['11', '8', '4']"
238108816_jpg.rf.a9320c848fde18b285b9c686695f59fe.jpg,"['5', '12', '7']"
087982063_jpg.rf.f92402b049c8f5b201a969516b69b304.jpg,"['2', '9', '3']"
957672927_jpg.rf.8c876f3d8649fc9c578924c06c6e2cc8.jpg,"['10', '2', '5']"
150390055_jpg.rf.47c21ea8dc5e47b6fabf24fb2c87f73d.jpg,"['9', '14', '3']"
362067064_jpg.rf.4db349bad0f921d5bd862115097a9799.jpg,"['13', '7', '0']"
192845555_jpg.rf.e7b463f219c14c943a75a944a050c937.jpg,"['8', '5', '5']"
506953059_jpg.rf.cd62ee2a5fb792e5ee952b960adc2130.jpg,"['14', '4', '8']"
426093813_jpg.rf.5f1cb746f1cf30006233c8fb63a84426.jpg,"['10', '8', '9']"
024633737_jpg.rf.8af6fa381880081adf0c7b6fddf21704.jpg,"['9', '5', '6']"
522083402_jpg.rf.30a5e62b814523e0d54cbc9c551c4b55.jpg,"['11', '0', '11']"
229999081_jpg.rf.1330effb998920994df4b9dd990afb0a.jpg,"['14', '14', '8']"
387704234_jpg.rf.fb350f6af8177df097b8c9d72716d5e0.jpg,"['1', '8', '4']"
469346829_jpg.rf.1225a7f265425eecc6774754077dac8d.jpg,"['12', '6', '12']"
838318229_jpg.rf.43914d8bb7a3b51113e737d26d2b3a72.jpg,"['12', '14', '12']"
901992655_jpg.rf.d660a06eff484f07eddb0c21b0106ca8.jpg,"['13', '9', '9']"
329977234_jpg.rf.6b8a8b672e829a95c579deaa2168d827.jpg,"['13', '7', '2']"
452906078_jpg.rf.d00dbb5e02bc6e374443a6afbebd8fe4.jpg,"['7', '7', '6']"
476089560_jpg.rf.6df7f734868d27eb6f468cb8a83b2df7.jpg,"['12', '4', '10']"
940886365_jpg.rf.437b63102aa8217b496690eb0ce0983f.jpg,"['4', '14', '3']"
339475765_jpg.rf.59307073c1c2c088af7288fb5ea32187.jpg,"['11', '9', '12']"
402401451_jpg.rf.3495ba62366d98570a81e1757aceb868.jpg,"['2', '0', '12']"
819025928_jpg.rf.3d4dadddb5cfba430b4de330208056a5.jpg,"['13', '8', '3']"
516281729_jpg.rf.34edb47d153ffd9d3053408d9cb7aa44.jpg,"['11', '8', '5']"
970651254_jpg.rf.03debdb165358ee18cbcc564c7fa01a3.jpg,"['0', '0', '7']"
622729292_jpg.rf.04232af7d989c41b49b63568af75a1e5.jpg,"['1', '2', '8']"
764397625_jpg.rf.ea1b9274aefe18decc36cae67963e9bc.jpg,"['13', '9', '6']"
073931237_jpg.rf.1e7e372a04670a7d2c81521dadfcca31.jpg,"['11', '12', '2']"
207959248_jpg.rf.aad9acb9000a34045e425b3bb613e6b6.jpg,"['14', '3', '9']"
107582243_jpg.rf.8e330a71840f3ae1191a846a3e9cdd47.jpg,"['1', '12', '11']"
852205296_jpg.rf.01979ffc25395bc5a3925c9ae3ed0dbc.jpg,"['13', '11', '7']"
496029157_jpg.rf.90199c141727c698c254cb0799472b65.jpg,"['13', '0', '5']"
318777415_jpg.rf.96ca31761d3a821a455c709ad37d0265.jpg,"['4', '5', '2']"
265926642_jpg.rf.aa3568992adf7742bef365db733483e6.jpg,"['0', '4', '2']"
124803089_jpg.rf.159dd29926f0afea441b3afde7c33337.jpg,"['11', '7', '2']"
883696667_jpg.rf.51431b7d010eeb8f0e914c3e27d09b92.jpg,"['10', '9', '9']"
815084203_jpg.rf.0b0ba6409a7cf3f9a8fea5ee630c7f37.jpg,"['3', '6', '0']"
916671206_jpg.rf.14812d23aae8b2674b160e1ebc56f5cd.jpg,"['13', '7', '5']"
752969688_jpg.rf.51bda45ff6e6830e734d9e93074c2a7a.jpg,"['14', '4', '9']"
034134032_jpg.rf.c0e8a0546fd2f38dffa7ea1b7c6fee5a.jpg,"['14', '6', '9']"
670940555_jpg.rf.21a50bc4681128faea7eaef054313d23.jpg,"['11', '6', '0']"
430215546_jpg.rf.8391adabd81fc0dd59f37337429a4564.jpg,"['10', '1', '6']"
298442617_jpg.rf.18c6eae742247f1df71827aaaf488601.jpg,"['11', '3', '10']"
156202206_jpg.rf.6d48a0bb60479ee47b76cb3b7af67ca3.jpg,"['2', '1', '6']"
010208206_jpg.rf.5747bc3881a69aed7998e99567b689fb.jpg,"['13', '12', '12']"
834467933_jpg.rf.b1c9637f2199c251d9bc9f33b4551200.jpg,"['13', '12', '5']"
526558571_jpg.rf.bff3bebf4604f20925520243d41f242e.jpg,"['6', '0', '5']"
133612380_jpg.rf.41e79aa12dafed51e264c1c67d1ede1b.jpg,"['13', '6', '0']"
514326384_jpg.rf.2fd9a909b8127df0accfbdb3bf3da504.jpg,"['1', '1', '9']"
745285040_jpg.rf.0b9f32b1a6dc34733a439208fe543ab7.jpg,"['1', '12', '2']"
031424888_jpg.rf.598817abb82294606bf2c26dc0cecd31.jpg,"['13', '1', '3']"
035481797_jpg.rf.a067791722174488c97f77713369e094.jpg,"['6', '9', '9']"
242223431_jpg.rf.319c9c0c1544546809ea5b09d58f88f6.jpg,"['13', '6', '5']"
911521192_jpg.rf.7531f4a8a9c476e0418c51d21f1db570.jpg,"['2', '5', '3']"
405126325_jpg.rf.02c7308cebb5b4361413475d02f6d137.jpg,"['13', '10', '9']"
686325105_jpg.rf.e3b13af94f0791594afae612a958413b.jpg,"['13', '1', '5']"
024867974_jpg.rf.b0cfd830d0868dc0645f763d9b6ecbce.jpg,"['10', '6', '11']"
906843327_jpg.rf.1ddb438804a0288f6b8c72eedc4dc338.jpg,"['10', '4', '1']"
095586238_jpg.rf.55c6595735a59a80753100c8c9c3c34a.jpg,"['11', '10', '3']"
923569558_jpg.rf.8f50db2a06990541c0bf776e9d2008f5.jpg,"['14', '1', '7']"
624301478_jpg.rf.bc50dca89eee5b9ad37bd145a77ab377.jpg,"['13', '3', '0']"
721064020_jpg.rf.e208c1c45f01eb52b0f474080b3e1810.jpg,"['5', '2', '0']"
396709163_jpg.rf.f9bfe6bedd42fc2f597b60b50f3143ea.jpg,"['12', '4', '1']"
488005937_jpg.rf.8615a6a76faddac081564bfb58baa583.jpg,"['14', '2', '6']"
877271788_jpg.rf.292bb86f9464344aa0a452e5665ef127.jpg,"['6', '0', '10']"
395849897_jpg.rf.fb67088c2de8c3187ccd937600f3ddc0.jpg,"['8', '3', '9']"
142602435_jpg.rf.799d80cc6278c2cb16e5cdaab948b651.jpg,"['14', '9', '7']"
525011603_jpg.rf.bb01460c3ffd8e0f3670456186ca1fc6.jpg,"['14', '6', '10']"
293485896_jpg.rf.f2045bf5e61800e2c4cf7d4a7c8e0d74.jpg,"['6', '14', '3']"
055178948_jpg.rf.e42b409d55b7995feedbacf3ec043a47.jpg,"['6', '12', '8']"
933909233_jpg.rf.d64de63cc12d65694ac98461b7daf6ca.jpg,"['1', '7', '6']"
268975646_jpg.rf.101234f22645a3dde1843a53be7ffaae.jpg,"['13', '1', '6']"
089902413_jpg.rf.46152f2d490c295d7b866ac7792dc9d0.jpg,"['1', '1', '9']"
983323171_jpg.rf.315620ac31beaf9aedc6efa6f3e3229f.jpg,"['14', '4', '0']"
363415116_jpg.rf.097e386eae98124dd40426d61efef94a.jpg,"['1', '12', '11']"
210312090_jpg.rf.9f87b46de787ec0ff07ff6abca73d6b4.jpg,"['13', '14', '3']"
882683268_jpg.rf.34b4c43c05485d03edff321be9397ab9.jpg,"['11', '4', '9']"
876930836_jpg.rf.ed7433d81adeeb6582d7870579546990.jpg,"['14', '6', '11']"
220078320_jpg.rf.6d0ab8de42aef35d10dd11fde553d1d0.jpg,"['1', '14', '8']"
061535026_jpg.rf.3be43ad5d70be593b02646f3a57c5c70.jpg,"['13', '13', '4']"
636290574_jpg.rf.108e09c8875eb20dada1037398b6b5fb.jpg,"['9', '5', '8']"
533545915_jpg.rf.409691c3276c34b4574c03e9e03c4dff.jpg,"['13', '4', '4']"
908509866_jpg.rf.33663c5323e5c79fa67f33300b14253d.jpg,"['3', '0', '6']"
073767826_jpg.rf.7ac1b1412509b9e3448e9d15107d3b9b.jpg,"['5', '8', '0']"
178943104_jpg.rf.7563f5697e483f80eeac9ac535ccb886.jpg,"['9', '12', '3']"
166490132_jpg.rf.860ab28bf2a3a0fd7fa2743390d42e0d.jpg,"['7', '1', '10', '7']"
992524866_jpg.rf.9728ea7dd9d0285d46c550007aaa30a3.jpg,"['7', '0', '6']"
996298970_jpg.rf.cd2311baf3a889bdeb1fde6beb41b05c.jpg,"['12', '3', '9']"
737398300_jpg.rf.38967531164575a9ea89ebd617f803a0.jpg,"['9', '2', '2']"
802481640_jpg.rf.bd939de37094b5927ab048b5a5be5bce.jpg,"['11', '2', '0']"
758678537_jpg.rf.ac6062384533a7b00d32de966c0f03db.jpg,"['6', '8', '8']"
432667622_jpg.rf.7d102136c982b4fdc4fe4a42a4cf2c72.jpg,"['13', '12', '9']"
571279856_jpg.rf.1e13b61985e17378d610f1a6f9f94e48.jpg,"['2', '9', '2']"
161164049_jpg.rf.998c5baef556e337310ccd5a7d3dc3c7.jpg,"['6', '8', '6']"
285522498_jpg.rf.5cd80fbd569770c68d42e31ab2bf36c0.jpg,"['8', '6', '7']"
259342152_jpg.rf.6cbfadb5356f0e25230bc775d3bc44e2.jpg,"['14', '5', '7']"
331987372_jpg.rf.aac72e4d7d69744e7b23919febed7a78.jpg,"['14', '1', '6']"
374907852_jpg.rf.b3d67fbae367e1c66504a43406e470da.jpg,"['2', '12', '8']"
850016991_jpg.rf.f656b0a02a03b4f84a63f632d09e1fac.jpg,"['14', '2', '5']"
837626986_jpg.rf.68d5f6bb51ae2cfcee15fad62d06303d.jpg,"['9', '8', '6']"
741131363_jpg.rf.90c1b3822f409ebb837a31932a88e773.jpg,"['11', '14', '0']"
079012201_jpg.rf.9fb3f4406c3d70a3e6e2285e625a7c3b.jpg,"['3', '5', '10']"
738640920_jpg.rf.eefbe8192343ad6cc79ab6bba826a462.jpg,"['6', '6', '12']"
657627568_jpg.rf.91af7328ab227fc09d3ad9555ee1fe51.jpg,"['9', '6', '7']"
674024973_jpg.rf.47be5cc7877188c67b0d434c3b75e357.jpg,"['14', '14', '9']"
216467826_jpg.rf.a70405e6e8b7cd6af0e38d2dc576fd96.jpg,"['10', '11', '9']"
233204829_jpg.rf.a64fec19bdf6552236bc86e4762a0398.jpg,"['3', '7', '6']"
091578912_jpg.rf.3d7d792fe59bbbb5620dbdcbf1927c4a.jpg,"['11', '1', '5']"
376386617_jpg.rf.58e8d7f41da75aeb02b2694c9e6638cf.jpg,"['6', '12', '3']"
148982624_jpg.rf.fc25fe40857f5329b90ec0c8ea1eefbc.jpg,"['10', '4', '3']"
473262395_jpg.rf.0e307770ab781e898c359d8b2d471437.jpg,"['9', '4', '9']"
225222595_jpg.rf.d7410418580e3ab71455c5de3e2cb22d.jpg,"['3', '0', '5']"
219177829_jpg.rf.d31de3c9ac2a89b378da580e8dde06d4.jpg,"['14', '14', '9']"
556444986_jpg.rf.e2987742b669cb65f7008542cb42e715.jpg,"['2', '3', '2']"
410333659_jpg.rf.f763a29e7950a05ea252852b7992a3a4.jpg,"['5', '6', '4']"
401328914_jpg.rf.bf57c8cb2d575446a3c4f22a9092a7b8.jpg,"['1', '2', '0']"
959525745_jpg.rf.a29ea0c260e64fb059cc9eadb5964b7c.jpg,"['10', '14', '5']"
240837450_jpg.rf.4997d6ad109dc5ffdb260d153e5efc02.jpg,"['13', '10', '12']"
962233728_jpg.rf.7d98414b192d2e0374f4202decd2d73c.jpg,"['12', '14', '5']"
226141294_jpg.rf.4b3c949b454dd07b2ef18c04ea28a44d.jpg,"['14', '6', '3']"
694848907_jpg.rf.85ac3d5ab1dff55d71fdac7ecbb92781.jpg,"['7', '1', '9']"
671711385_jpg.rf.86af00b71092482928c6d6a79e5c8d82.jpg,"['12', '4', '0']"
370332818_jpg.rf.ef30e034df3dacf226087ea3f3b4fa6a.jpg,"['13', '6', '9']"
325946167_jpg.rf.0618d53a5a049d8cf149bdc74f4fe098.jpg,"['13', '6', '5']"
715319445_jpg.rf.7fa2a19fd04c357d2cb67eeac5ef11f0.jpg,"['1', '3', '7']"
909500058_jpg.rf.c87f6ce3855ec69176e8f7de47c27d71.jpg,"['13', '10', '0']"
371598666_jpg.rf.fe2da7d8b64ce65ec32a10cd6e8b0fa6.jpg,"['14', '10', '3']"
874148728_jpg.rf.1c1f81c54acf00eb80e46d0942afd290.jpg,"['13', '6', '12']"
083427896_jpg.rf.d84822dd53a4ff8a96a531a1fc07d844.jpg,"['13', '14', '2']"
338258450_jpg.rf.6b8107ebc9c680c5d09fde66b9e705d7.jpg,"['11', '14', '4']"
677977647_jpg.rf.516ebae347601e1277ffc07b2ad197e7.jpg,"['12', '0', '8']"
493936515_jpg.rf.e9509d6c48f06bad928361787a29c69a.jpg,"['1', '3', '7']"
846801637_jpg.rf.6d1d6a3fde961290f5e48c897f5c7334.jpg,"['10', '7', '12']"
986207392_jpg.rf.7c37fc3fa1653354252ec489c2fc5f54.jpg,"['1', '10', '9']"
609418104_jpg.rf.57aaf62aa1896e446e209c1acf627261.jpg,"['11', '11', '5']"
831231658_jpg.rf.e985b803f3f525b66bc747785920da6b.jpg,"['2', '0', '10']"
954301874_jpg.rf.ac138773914961c227623b696709a4ec.jpg,"['6', '6', '10']"
553884976_jpg.rf.cea0dd2361be73422f578ff61a889a10.jpg,"['14', '11', '1']"
534296421_jpg.rf.5ec1e8e541061104f00583b8b2e3dde6.jpg,"['2', '10', '14']"
031145336_jpg.rf.d930fb3f37752a5721fcafaf406ad047.jpg,"['4', '0', '12']"
982799399_jpg.rf.7fd3d261067f2003677b2c8db54d19e7.jpg,"['14', '6', '2']"
386118520_jpg.rf.7cfbd1e7beec0f6974d02ba77422d8c5.jpg,"['13', '14', '14']"
434285391_jpg.rf.f863e7cac8fe0e3079d0b97252f93f37.jpg,"['12', '5', '0']"
274842721_jpg.rf.649edf975ac69113a522f097aa3decd6.jpg,"['14', '10', '0']"
744085074_jpg.rf.c278e17dd92142659bd87df9ab8c4103.jpg,"['7', '9', '8']"
032478401_jpg.rf.a4192d94bd52fac1bec563259dc401a0.jpg,"['14', '3', '12']"
270688947_jpg.rf.54379c485eb170a4277321b07f3368d9.jpg,"['10', '2', '8']"
002147484_jpg.rf.8effa2f4bae45b0f54590672b5692efa.jpg,"['14', '4', '9']"
065849952_jpg.rf.f1d22a3902e458d66c302ae2c74ef14b.jpg,"['10', '0', '0']"
249789179_jpg.rf.bb500bc84644bb68282752a8840488a0.jpg,"['14', '8', '5']"
125722740_jpg.rf.4408e73423b888c121d054d04bb4d84c.jpg,"['9', '4', '7', '9']"
257177674_jpg.rf.643fc1ab966ed137c37c31eb8e9e0708.jpg,"['4', '4', '0']"
324951499_jpg.rf.cae895fa3c8814e862a96c5aa60ab454.jpg,"['14', '12', '8']"
509432083_jpg.rf.6e5ab2f5c9b9f15a0ea3cb6df65fd9aa.jpg,"['6', '2', '0']"
895923484_jpg.rf.dc534e29c5bf7d5f23f99bee9edde194.jpg,"['13', '4', '7']"
523227644_jpg.rf.1d7eea24306dd323a2a3d34e09278758.jpg,"['1', '8', '6']"
797233481_jpg.rf.d37a0553caea1d89efeb087e294fdb2a.jpg,"['0', '2', '5']"
695151285_jpg.rf.a0802e5c5fdb805f0dc70c1f4032d2d9.jpg,"['4', '9', '5']"
465804314_jpg.rf.4ff3e6a39214cd541f09aa284ef1c139.jpg,"['11', '5', '9']"
189867436_jpg.rf.b8c5600317412e5f7429ecba1124fca8.jpg,"['4', '6', '2']"
668231622_jpg.rf.586973fb520eead8f6305c0f48e943c5.jpg,"['13', '7', '3']"
498335485_jpg.rf.fd660e386ed1f06c142fe68a63d67e00.jpg,"['9', '9', '3']"
698725662_jpg.rf.e1e4db50378c5d7609dff653f93d57fc.jpg,"['5', '10', '2']"
152454083_jpg.rf.320543076f243f38da13e7f465f47817.jpg,"['6', '2', '2']"
015307783_jpg.rf.918dcc9df98c1064ba0df18ab9ce6cea.jpg,"['14', '11', '5']"
599460990_jpg.rf.2888b711edc257cacab6b4e7f4d47493.jpg,"['1', '14', '1', '10']"
159999070_jpg.rf.7d0051f51a87b5a035ba8913616aa692.jpg,"['14', '12', '0']"
722268272_jpg.rf.46cdca7940a2153bdac7534ed523fa76.jpg,"['11', '9', '0']"
853209948_jpg.rf.1dd7d180d499b53ea5ee140c4962451b.jpg,"['14', '3', '8']"
639705786_jpg.rf.698c808e9f316ed01c2d126c3e695a7d.jpg,"['2', '10', '8']"
870784247_jpg.rf.66eda60cc3716774bb2f4a07db700e07.jpg,"['11', '10', '0']"
591217720_jpg.rf.e15daec9318edc0719457bdf206c87f8.jpg,"['6', '3', '10']"
510425500_jpg.rf.d6cbf3fbbf43f09ec06ba1a54958d58d.jpg,"['9', '1', '3']"
074997590_jpg.rf.a70d2edf532271795a94c08ac92074e1.jpg,"['4', '4', '9']"
250977394_jpg.rf.442ee3fce4071e87bdf5e3fb92fde1d9.jpg,"['14', '5', '6']"
470002770_jpg.rf.6e794b5a294c64d33709a46275356f4f.jpg,"['13', '2', '11']"
396935299_jpg.rf.371f05c008bc277870846aa610310907.jpg,"['9', '11', '10']"
072204915_jpg.rf.12c64426b8265a111973c67121d4ce48.jpg,"['1', '14', '9']"
298518230_jpg.rf.b4d8d9372c2c69a8c918c28ed215f6f3.jpg,"['9', '12', '6']"
145083922_jpg.rf.64e7908b98e4cf5d7af3623e02240d45.jpg,"['4', '7', '6']"
829672588_jpg.rf.2e9b49541139a8100a8e46696fb163cd.jpg,"['12', '11', '3']"
262294557_jpg.rf.9291517204c78c831d760caf17ad8c71.jpg,"['11', '11', '9']"
782222506_jpg.rf.d432390c555e31d7f8bf8b74834e8b11.jpg,"['1', '12', '7']"
036074356_jpg.rf.e9a173b6b0186c7645585ad6bb60300f.jpg,"['14', '7', '7']"
977398712_jpg.rf.21c6e4caed5dca3bf55ed43f9655781c.jpg,"['12', '1', '8']"
651486639_jpg.rf.f54c077f0d329359344f1f151d8b1f3b.jpg,"['6', '2', '4']"
170094408_jpg.rf.98cb4619dd5fab7b7645eaa74d007d94.jpg,"['10', '4', '3']"
593623408_jpg.rf.06f916936bf1892251a14b42b9d17d84.jpg,"['7', '8', '3']"
507357154_jpg.rf.aefe92ac2df1f2aaf12dc14d1a406c8e.jpg,"['9', '10', '9']"
158283288_jpg.rf.518d6962898e9e69b010669f8f92a717.jpg,"['11', '3', '11']"
263877146_jpg.rf.18e5c2db50e1439229337caa0fab4f51.jpg,"['1', '10', '10']"
806423232_jpg.rf.f0a9eb94c29cb020f6b7b57f22db6495.jpg,"['11', '6', '6']"
485848693_jpg.rf.0f757ec6bfcf97640ba266c5cbf308f4.jpg,"['12', '3', '9']"
956843142_jpg.rf.4b0477cbd5f9228d44ef7c1c91bc55b2.jpg,"['12', '5', '6']"
999167231_jpg.rf.15629aa5fa08b5cf0827275d32a3b567.jpg,"['13', '14', '4']"
504054086_jpg.rf.93bd0078e081b673f0a20533c9953f34.jpg,"['7', '6', '8']"
544318208_jpg.rf.a3eeb18f90097de0545e7fd5257e0eb9.jpg,"['2', '10', '8']"
504921208_jpg.rf.91f64f142556f17d0a9fcf1a8caaab07.jpg,"['7', '2', '7']"
771468399_jpg.rf.fcf96a14e822653a20bec66d5b13b93c.jpg,"['14', '14', '8']"
139969712_jpg.rf.3b8ace6861676e8fd407de116e8db1ac.jpg,"['1', '4', '8']"
326106964_jpg.rf.93d64690cc12af5abd967c66218e3950.jpg,"['8', '3', '0']"
467802876_jpg.rf.01e80ad9f7ce1e9eb506215f7e7de76b.jpg,"['4', '11', '2']"
718337421_jpg.rf.1a25190b010ab4e2410d91cab92459f2.jpg,"['10', '8', '7']"
801140480_jpg.rf.ab9fbedb3186db5e1df10ecf548bface.jpg,"['5', '6', '8']"
240241651_jpg.rf.66a66c74e98dc16dc1a37b6ce2bcc283.jpg,"['10', '7', '5']"
610239182_jpg.rf.ccfca87cb8b1ee9b727e0676b25d6e75.jpg,"['3', '11', '1']"
690689660_jpg.rf.2a17a95397d0210321d0b86a58e108bb.jpg,"['1', '14', '3']"
150132606_jpg.rf.77567680d0ea56794ca9eb54d487b045.jpg,"['14', '11', '6']"
892623114_jpg.rf.d0c9e0f9abef6e7374040edb6a646660.jpg,"['11', '1', '10']"
308063669_jpg.rf.2f2df26be3de87503a7b017f3649122f.jpg,"['1', '11', '2']"
836994166_jpg.rf.78a6b6944e545568ac9e08405a566ba9.jpg,"['14', '10', '5']"
334962587_jpg.rf.39a7d29fb5e8504de19d9c9ce56a436a.jpg,"['2', '6', '7']"
110106529_jpg.rf.968ce69a5913c00cacb5810ee18e69eb.jpg,"['10', '1', '8']"
197237672_jpg.rf.793d8b80045ae48ee15a755be3998379.jpg,"['14', '0', '2']"
397861397_jpg.rf.b23fa7aed0b906e61ba32fde79f282d0.jpg,"['11', '9', '10']"
214647682_jpg.rf.27afc126f1e49403df976334b3993e14.jpg,"['4', '6', '0']"
169352591_jpg.rf.27cb5775f2cebe96110d25f82bf9b312.jpg,"['13', '4', '3']"
243892388_jpg.rf.dae0eb550ab41e5469af21a06a76ebb4.jpg,"['13', '13', '3']"
817553251_jpg.rf.bdcbd1729e6cbee9091b4b458f72b165.jpg,"['13', '6', '8']"
083566288_jpg.rf.57b2ea2e8512500c7bfcfcabaf55387b.jpg,"['14', '9', '1']"
028980720_jpg.rf.7a3ab653b18bd8e0a63659c45f802ebe.jpg,"['0', '4', '7']"
249620283_jpg.rf.8b0e384545b72da36c165fef707b3e5c.jpg,"['14', '8', '8']"
786390894_jpg.rf.55cef90fb463c08d81e8f497ab074ae1.jpg,"['2', '3', '6']"
353557727_jpg.rf.7000d620f22c16d58a51435e1c8ad399.jpg,"['4', '14', '3']"
355107134_jpg.rf.282b3e27fb1ebac3b6500f9b47065282.jpg,"['13', '1', '6']"
791057380_jpg.rf.e8ab839eb43ea6ae486c2e2d300216f0.jpg,"['9', '10', '11']"
594033592_jpg.rf.4d19895ca75d52a1fae68e92d320b3c3.jpg,"['11', '11', '11']"
368973080_jpg.rf.e4294cea0dc58a7200c34d17c0f58065.jpg,"['13', '14', '4']"
585033544_jpg.rf.bc9972b284f9415be92e524b86450c18.jpg,"['11', '10', '2']"
703579713_jpg.rf.6ded199b83ed6d00bfd25b2302a35d3f.jpg,"['4', '8', '0']"
242164084_jpg.rf.b1b427e29c761c2f4e7b9a2e14cf7084.jpg,"['6', '7', '8']"
668772615_jpg.rf.926845a9a108a495be34b9942ceed795.jpg,"['13', '13', '3']"
519428580_jpg.rf.ef5613eaf76f39d5dbd7de8933d88d4f.jpg,"['2', '7', '3']"
659826547_jpg.rf.39d60f4d954c306d9822d9640859c4c8.jpg,"['13', '3', '10']"
144523255_jpg.rf.0b18e247f30717885220684d7cc813f0.jpg,"['13', '4', '4']"
071998886_jpg.rf.b84e12ddc328a0bb1c590cdb676f4232.jpg,"['13', '9', '7']"
247377522_jpg.rf.f4e7ae4848da7f1c7f230b8b67695f5e.jpg,"['11', '14', '2']"
624136160_jpg.rf.22c0971aa2b0783309be793375828d25.jpg,"['7', '7', '7', '8']"
391597242_jpg.rf.f36a86e4df39d5836a373f095ae2b880.jpg,"['11', '14', '3']"
731091576_jpg.rf.dec1e045fc7871c11b8d1e179c5c7b05.jpg,"['13', '1', '7']"
746550021_jpg.rf.1b7f08eea328f50e4d35265a68b4b949.jpg,"['11', '11', '11']"
094020039_jpg.rf.70736fe66aa747a75c8f6797482cbbab.jpg,"['10', '2', '8']"
127954221_jpg.rf.a747277219c79e09a9eaf037f662177d.jpg,"['11', '5', '8']"
615247224_jpg.rf.24b28f235fcd3b04db80d746e0ef7d8a.jpg,"['12', '6', '3']"
489851950_jpg.rf.4500ff667b37246d68a4a8d3df7c9274.jpg,"['3', '4', '12']"
328893301_jpg.rf.26569d3bbd7af67dd8842e16ea75a169.jpg,"['0', '13', '14', '0']"
103877128_jpg.rf.ba3bd58d153e0b7f82b65b51cb906676.jpg,"['8', '8', '7']"
483811682_jpg.rf.7c057c278730c76ac3fbd5f2ce8fdf4b.jpg,"['12', '7', '8']"
105805198_jpg.rf.dc8a7b9e9b2ee2ae9a34d0c6d0f4b31c.jpg,"['10', '10', '9']"
655501267_jpg.rf.6f7b820eda091ce735ee4c898ba2836e.jpg,"['7', '11', '7']"
298129070_jpg.rf.f00d8af1f991a38940a5792c46196c75.jpg,"['14', '10', '9']"
109951649_jpg.rf.04804262bb8f866fa62a46cf609a2dae.jpg,"['4', '9', '6']"
067320374_jpg.rf.52de8f5612d994d19598820e4458e2b8.jpg,"['8', '2', '5']"
351955907_jpg.rf.5bbefabe4e291a9babcec685db8669c5.jpg,"['8', '8', '5']"
116594601_jpg.rf.1abc062208325a455fc0062ca1add646.jpg,"['2', '9', '8']"
700811910_jpg.rf.84b42c5586e8ba698d9b83cc3504dbae.jpg,"['4', '0', '10']"
346768867_jpg.rf.3552ae9d7090270b7f7628ba83953f38.jpg,"['14', '2', '0']"
902445026_jpg.rf.6e1cd19009a6ac3972d5f403bd3de07d.jpg,"['3', '7', '10']"
450491418_jpg.rf.06a78ee0b6a6bce14ea1452823b1ad5d.jpg,"['13', '12', '7']"
508353706_jpg.rf.93020918f127959c904eac41ec919d16.jpg,"['14', '5', '10']"
229606053_jpg.rf.f802c71a3eb888a01667e51eeed75ed7.jpg,"['7', '12', '4']"
308155295_jpg.rf.eeeaba4dd6f97e91cb8cac85516074e5.jpg,"['14', '0', '5']"
747403519_jpg.rf.13a533249cf79c854fe15b2fd0bd5965.jpg,"['9', '2', '5']"
707438512_jpg.rf.1f94b3024dc9118a873cdc072b89f1e0.jpg,"['10', '4', '6']"
202923923_jpg.rf.389fa765f24276e93893f2e188ce1a05.jpg,"['1', '9', '0']"
322574991_jpg.rf.4ce1cef6c0b07b45e795830c02337a46.jpg,"['14', '1', '12']"
528990629_jpg.rf.49238db29a6ed649ba40317bf18f8cdc.jpg,"['14', '9', '12']"
398560473_jpg.rf.6e4b347993f4f30eacb989aa36929c4d.jpg,"['4', '9', '12']"
867510641_jpg.rf.bf6c54ea450289a92944e7f311521c54.jpg,"['13', '14', '7']"
596971521_jpg.rf.0cecca803bf2b58281184997997cf677.jpg,"['0', '10', '6']"
534736535_jpg.rf.5b9e6f0f0e397b6e173e9a057586e0c6.jpg,"['5', '4', '6']"
032334237_jpg.rf.773a55f4ee965d30563eff86bf51ffa5.jpg,"['4', '10', '7']"
740698669_jpg.rf.1bcbab6e3a6b152955d47646653baea5.jpg,"['13', '11', '8']"
819566788_jpg.rf.3fa2abc70f8aa7f89c933019fb68a7a4.jpg,"['9', '14', '0']"
169381714_jpg.rf.0db650bffa157da75b4cd867f8422759.jpg,"['12', '10', '7']"
885131019_jpg.rf.41a9d2d31753ea10260515b55a79bec2.jpg,"['4', '2', '9']"
299755178_jpg.rf.37d7c3ae381530fd94d185ddce966ad4.jpg,"['4', '3', '12']"
317261397_jpg.rf.976949a054556c8a7ba950d64203afc6.jpg,"['13', '1', '11']"
394115131_jpg.rf.aeb8a18a180319db5b151526f199d015.jpg,"['4', '2', '6']"
541696116_jpg.rf.6993cf1b3ab242d531351a56a67641cd.jpg,"['10', '11', '1']"
614244069_jpg.rf.f51d16e6e71d0c742ea65021ab4bc54e.jpg,"['10', '8', '0']"
032940512_jpg.rf.575a8e30628f6eb2bdca1d04a512530f.jpg,"['4', '14', '4']"
301858542_jpg.rf.f97ab29ce754adc1b2be546516c0ce4e.jpg,"['4', '11', '2']"
588265590_jpg.rf.341f075cbe7aac6e5654b7f4e9716d72.jpg,"['9', '3', '6']"
235681138_jpg.rf.7657b601d9244fc4c719f30a1ac5a64e.jpg,"['3', '3', '3']"
083304915_jpg.rf.3cd6a59f587886684e4d71a22d230709.jpg,"['2', '5', '1']"
856182110_jpg.rf.5a2d1ba004bbb2d7d7a65492e5062908.jpg,"['13', '11', '5']"
854171718_jpg.rf.7dca483ec4f86199fe7d6ea8f009187c.jpg,"['1', '1', '1']"
885374964_jpg.rf.e3331392903109c558aad42ecdaba6b3.jpg,"['3', '3', '11']"
476429391_jpg.rf.e52a77bfb1c29fe80cbf30042e8d0e63.jpg,"['13', '11', '10']"
145835836_jpg.rf.66e4ee454dae9136db9d38041a6fde6a.jpg,"['3', '7', '8']"
297008727_jpg.rf.c619ab4ba38652e0f8c76228ea4ed1b6.jpg,"['12', '3', '5']"
926490329_jpg.rf.9345fd61916dec6b92b437c67773e54e.jpg,"['13', '2', '3']"
120647614_jpg.rf.29409e7cc300a84f376146932b8138bb.jpg,"['14', '7', '12']"
793663268_jpg.rf.6f61c6bb7e942fe012902b1fd4dfc366.jpg,"['4', '2', '6']"
032507492_jpg.rf.06f819ee661e75d6b9237cf5f2e2c895.jpg,"['14', '7', '11']"
007987475_jpg.rf.a42e15b625455604d78f0e7462242359.jpg,"['5', '5', '0']"
168173006_jpg.rf.5a7e57f53d656a87a4d7123a4310a7c9.jpg,"['10', '3', '5']"
431117635_jpg.rf.153b8efb52de5aeb3d93a946039db25f.jpg,"['13', '10', '0']"
099375909_jpg.rf.978fa0e38e517b237242a3628da81ce8.jpg,"['7', '10', '10']"
656121529_jpg.rf.55e09bdd1fef5a7a4ff9e5b7d5a89e98.jpg,"['12', '9', '3']"
226003358_jpg.rf.3facd16f2993209ece292b75227b4170.jpg,"['10', '14', '2']"
449541563_jpg.rf.4853af9512c64d53dee9fd367866824f.jpg,"['6', '7', '7', '6']"
418773209_jpg.rf.2c9531e7c9ae26635f5670154ee2b9c0.jpg,"['9', '1', '0']"
691734647_jpg.rf.95d5550ed484be9ea4533c62ef552974.jpg,"['14', '2', '12']"
158262089_jpg.rf.2317f0aa516cf638232af7aa71349df1.jpg,"['5', '2', '11']"
421738443_jpg.rf.d5664cb981ff7b64dd0d5f14bacf8018.jpg,"['11', '2', '7']"
803410105_jpg.rf.767a44c3a554f5101edd20adc5aae5d2.jpg,"['2', '9', '2']"
561832349_jpg.rf.1fc06cb8af9e8a22ee649c4f6d32fb1a.jpg,"['11', '4', '5']"
344694393_jpg.rf.4b826a02758fc0efae0f6b1b2261ef67.jpg,"['14', '5', '8']"
017701459_jpg.rf.80bf0615dd416dc62a04db51e1761d74.jpg,"['11', '2', '10']"
497758539_jpg.rf.63d1de8f9226aabc88c622bb485f522f.jpg,"['14', '2', '0']"
533292802_jpg.rf.0eddf17f9ea51e729a668fe254161ad3.jpg,"['4', '4', '10']"
948809570_jpg.rf.0129920689929e8d32ca4a8ad6eed288.jpg,"['1', '3', '0']"
690661237_jpg.rf.68ae33c8047074ed80f28215ecbf7f85.jpg,"['4', '2', '7']"
229459366_jpg.rf.9fb099b6a01bd27af5ded992b89306de.jpg,"['1', '2', '5']"
273617660_jpg.rf.7c0e9a7ea825ff685e03314d093f219b.jpg,"['7', '10', '0']"
829134331_jpg.rf.0663c6c6a5c12f22765137051974bd67.jpg,"['1', '10', '12']"
871651015_jpg.rf.6233dd1756fd5cae1c1a5d94dca88e8d.jpg,"['4', '5', '6']"
422038173_jpg.rf.58e170fb7e7521170f1436ff90e429ad.jpg,"['14', '4', '5']"
510429187_jpg.rf.9b8ac9fff752e8f66e6ea73fc27f76eb.jpg,"['12', '5', '0']"
213552561_jpg.rf.b29c374743daafbc34814f6a61f494d7.jpg,"['9', '3', '0']"
601463712_jpg.rf.8247460c87de5a0f9217e0fbb1ca5a2f.jpg,"['7', '0', '6']"
895666193_jpg.rf.9bac27593258c0071a59afdf3c0e8586.jpg,"['2', '14', '3']"
312099843_jpg.rf.ae90d42869106091cb46453ac1de9f52.jpg,"['12', '7', '3']"
478298791_jpg.rf.5985c9904b0f412e979df4add1862b8b.jpg,"['12', '6', '10']"
251968387_jpg.rf.b08652d29b0e648d62928c172ee28dc6.jpg,"['4', '1', '7']"
012156352_jpg.rf.beda6f99d9a7911fccc1d65ccd274a0d.jpg,"['11', '9', '7']"
886123269_jpg.rf.4a2aa97b097251e9eb512f4813f2cde5.jpg,"['7', '6', '10']"
674624075_jpg.rf.14143efbc4b155446e713acb27085526.jpg,"['2', '12', '4']"
805134865_jpg.rf.808692d98f121abbd0de80150b16180c.jpg,"['12', '3', '6']"
943716513_jpg.rf.b387b6182332e02cd4d352733448f7fb.jpg,"['4', '11', '2']"
438134400_jpg.rf.e3666f36a0d314b24bcc84062777c61e.jpg,"['13', '13', '1', '11']"
629774744_jpg.rf.18dd13f4e16ba679e0646f7eb66042e3.jpg,"['14', '2', '7']"
686392343_jpg.rf.48079999485f25a0208dd76bdca2a3f5.jpg,"['1', '9', '9']"
701022611_jpg.rf.02546aca2d03bfab2c31d240cf2ad8c1.jpg,"['2', '4', '5']"
764023907_jpg.rf.b93e59ceae4b278c4415650454b29416.jpg,"['10', '3', '0']"
776850856_jpg.rf.4b14d6e6da08f991f509ab50c8866a03.jpg,"['4', '0', '7']"
850477000_jpg.rf.bcf0fe11f13c16bc957de80c23a30bd8.jpg,"['1', '4', '10']"
197772861_jpg.rf.6bf4f2290be28f80423855a488ee8b70.jpg,"['9', '4', '9']"
409819604_jpg.rf.1d7a53ba25d8df52da44234730f0e36f.jpg,"['0', '8', '2']"
944626890_jpg.rf.455f5beac7988737c972f8fe7c9306a6.jpg,"['3', '12', '10']"
782433104_jpg.rf.750c02732c7166775af012315a70b6d7.jpg,"['12', '2', '10']"
422602728_jpg.rf.0c568a25c8ca6b980fe352de9e294239.jpg,"['9', '6', '6']"
388878466_jpg.rf.2aac876a7671b345b748eeeae5454705.jpg,"['14', '12', '11']"
074052876_jpg.rf.578715720ba076c930e681d45c7bc747.jpg,"['12', '10', '4']"
589946206_jpg.rf.1bf563cbb5d95612045ea2b7d89ce95c.jpg,"['1', '6', '10']"
895086628_jpg.rf.1fe797fffa0413586ee0c7ff0248036f.jpg,"['5', '6', '9']"
637776201_jpg.rf.5a50dfeb5d49b09ac031f73f63633cd2.jpg,"['1', '8', '0']"
632377311_jpg.rf.c4a5c65dc0b770b9b32b6db3331a3166.jpg,"['4', '2', '12']"
809313957_jpg.rf.d8421d41772dbab92ed11592c77ccddd.jpg,"['13', '12', '10']"
007841444_jpg.rf.bc53efd9746fe7e3ced350a21621d3e2.jpg,"['10', '1', '9']"
161094407_jpg.rf.97b325ebbbd75befc48d797d0f21ba57.jpg,"['5', '5', '5']"
161697676_jpg.rf.2ee44b98c01839e06cb8265f4cf694f7.jpg,"['2', '2', '6']"
311045940_jpg.rf.03452747e341b54ef9e8a09c46db52e2.jpg,"['1', '2', '5']"
613786379_jpg.rf.5122357f24a78c17d15beea4656d6217.jpg,"['7', '4', '7', '2']"
912309691_jpg.rf.aef17fae0311b70a9f444258f4fd459c.jpg,"['10', '7', '7']"
177736606_jpg.rf.d4dac7d1d3237451dc0be4ec5117a55d.jpg,"['13', '11', '7']"
615451822_jpg.rf.a298ec472c7b0dcc04a11b6e2a45b5f1.jpg,"['14', '4', '8']"
037090473_jpg.rf.916ed2e913afc7605efbedc7e98556b5.jpg,"['13', '4', '9']"
456759728_jpg.rf.19ff03a91f44c94282f75852cbeaa07b.jpg,"['2', '10', '0']"
625446806_jpg.rf.a277d44ce95384aba5231f005e641c2c.jpg,"['4', '9', '1']"
098642622_jpg.rf.c7b832c5e408c169b79e41a856bb1b23.jpg,"['13', '6', '6']"
159407825_jpg.rf.c2f16c1a5326d0c54111232a94d56cf0.jpg,"['12', '9', '2']"
567569817_jpg.rf.15057ed0cf3a90e78d03d1284d7fedad.jpg,"['2', '10', '11']"
400260708_jpg.rf.214fb8e4ac5eabc17314649b2691cb74.jpg,"['11', '9', '10']"
652628759_jpg.rf.297716a5bd25e8d50f4910bfb77f93d4.jpg,"['10', '12', '3']"
234555184_jpg.rf.a0138e5315c828059e6a42205e8e00f6.jpg,"['7', '9', '8']"
905499873_jpg.rf.2397256e3e39debdb4a368dd1e9ef84f.jpg,"['4', '3', '0']"
415297790_jpg.rf.56a4a6878bff3352931d31e12f4d3af5.jpg,"['11', '11', '3']"
514882282_jpg.rf.01363d378aa5e5f6bf3906f56a9e626c.jpg,"['14', '12', '0']"
193530322_jpg.rf.c97800db5f1cbfaa4236188b04f23963.jpg,"['13', '8', '8']"
766754752_jpg.rf.a35feab4c06ef324a97c7b4aa50e9d27.jpg,"['2', '2', '11']"
457538924_jpg.rf.a2020dd1280f296974ab7bea6420c220.jpg,"['4', '3', '8']"
520949576_jpg.rf.a87120bd7275cfe5bada05becdd1e16e.jpg,"['9', '0', '8']"
864265720_jpg.rf.e43ac54b818f8850cc617bc8f72c4426.jpg,"['14', '6', '7']"
620506578_jpg.rf.4cf7c35be7d6e89231ebff2c70e58018.jpg,"['12', '0', '2']"
768327363_jpg.rf.baa82bbd71bd6ca14718a5234324c226.jpg,"['4', '5', '3']"
933160168_jpg.rf.f51633eedf9001dac0a0371055d325b7.jpg,"['10', '1', '3']"
662482637_jpg.rf.4c31794b4fccfbf4834094ec5ca29b98.jpg,"['1', '8', '0']"
291832446_jpg.rf.22892c2bcf75fb1700a35db1c56905ba.jpg,"['9', '14', '6']"
113572249_jpg.rf.4a23a89af966b5abd2d307a5cec85069.jpg,"['3', '3', '5']"
656962142_jpg.rf.dad66dcef4d7b756b0a77d1d711c67c8.jpg,"['11', '11', '6']"
934107770_jpg.rf.7b4690aeb38270f12d920be2d9911c1a.jpg,"['9', '1', '9']"
382023760_jpg.rf.1d23ecae8223640d74df59cd5da8ba09.jpg,"['11', '0', '4']"
485227266_jpg.rf.04365e7f2e29008dab3700b6c03857a6.jpg,"['12', '2', '3']"
950806711_jpg.rf.98a6722dff019e80d404fcf7647e6aac.jpg,"['4', '5', '2']"
598388496_jpg.rf.3b53de237316f55ed76cd3426068f1f2.jpg,"['5', '4', '7']"
285869289_jpg.rf.ea3642760df53a58c413cf903fba890a.jpg,"['2', '6', '0']"
349616330_jpg.rf.15f3ca748088648c38b22db4590a7b77.jpg,"['9', '0', '0']"
197396687_jpg.rf.0a172900fe5b6f5982a76a88b9b9d93f.jpg,"['8', '1', '6']"
152767004_jpg.rf.2e7649c5752ed0f3ea3c09ba1f1e7ed8.jpg,"['14', '6', '6']"
161606518_jpg.rf.bb35227e13b136c982f65ca0b2abe1c3.jpg,"['0', '8', '0']"
566503859_jpg.rf.8dc69a8cc280a8d6ca8841d29007dcda.jpg,"['13', '1', '10']"
196671087_jpg.rf.bd6869757b2a279e56cb45cbd434fba0.jpg,"['13', '4', '0']"
464964855_jpg.rf.362e1000e6f0ca6301367fcf2674709e.jpg,"['13', '10', '1']"
087618166_jpg.rf.72eaba4b4d415c9ec88e0fd7c7ad8d6f.jpg,"['14', '10', '6']"
417813848_jpg.rf.f9a796e1d16277ae03cb5217236a7153.jpg,"['9', '4', '1']"
833676097_jpg.rf.8cb52487310628cd0ab13254f5263508.jpg,"['2', '1', '9']"
993038105_jpg.rf.16f387fc1ad7cac33655098eb793105b.jpg,"['7', '12', '7']"
806547378_jpg.rf.7e5d92aab77c791ca59119614942052b.jpg,"['6', '11', '9']"
127864018_jpg.rf.9478b49c5b5b05a673f94941e567b94f.jpg,"['14', '12', '10']"
399215063_jpg.rf.5aac7747d39ef4f79186e4b8a225fd3c.jpg,"['10', '0', '9']"
690224020_jpg.rf.4160f3834da6786288ce232528d885ca.jpg,"['13', '14', '0']"
191859791_jpg.rf.6b4ba4a00f64ffda04a12141136ac12f.jpg,"['10', '14', '8']"
983897079_jpg.rf.adea618f2f70e1c5ddc9e623b0485e4c.jpg,"['14', '7', '0']"
749096717_jpg.rf.f7b71bdfcdaa38cdec84e590e0b56c3f.jpg,"['8', '7', '6']"
204094124_jpg.rf.92102d6f18f8a010b266f2441d6d0371.jpg,"['13', '11', '3']"
429534021_jpg.rf.96f203306192d2a4bc6d3d7b6d47b56c.jpg,"['13', '6', '2']"
092708649_jpg.rf.84650d8d2ed9e8d4b4d8cc2411ce48dc.jpg,"['6', '7', '5']"
537257384_jpg.rf.31e6ee6b8c4605ac2920595dd4b43f5f.jpg,"['13', '14', '2']"
457896920_jpg.rf.783048efe5ded3423fa99437e67717ab.jpg,"['13', '10', '7']"
580502816_jpg.rf.6bf1b250bc31d49de267c5c889363404.jpg,"['2', '6', '11', '2']"
629796523_jpg.rf.a245009cba62e27c1f622e69c14cf1bb.jpg,"['8', '5', '12']"
995190136_jpg.rf.0623c238658624d1b41ebd6f0021c04f.jpg,"['11', '8', '6']"
274182087_jpg.rf.265c2386518aadd6ffdd3124d0370fba.jpg,"['13', '8', '6']"
496489540_jpg.rf.f4bc64140f187fd452dbbcf507eeff1c.jpg,"['11', '14', '4']"
123367475_jpg.rf.a13daf44f2bd13cb65c10a3eed83e3e1.jpg,"['5', '1', '9']"
014582780_jpg.rf.e71ededf21cb8f4c8915a910781bd0cc.jpg,"['13', '13', '7']"
966638350_jpg.rf.2b45fd96a04c47c80e689a0633cf7b53.jpg,"['6', '12', '9']"
202393590_jpg.rf.2af5730076918e0858c41e58798bd6ee.jpg,"['10', '11', '2']"
413562251_jpg.rf.0f66c90df468b4697b40020593dfdffa.jpg,"['13', '9', '12']"
754037039_jpg.rf.78fbbab3aabf0f98c0d8a53a1c8e5110.jpg,"['8', '4', '0']"
583462177_jpg.rf.ab9f02c3fc08eb6e6b3801189e5dff9b.jpg,"['13', '11', '5']"
611239192_jpg.rf.95f79d7960dc9cde1d279eb8bfb1d501.jpg,"['13', '14', '5']"
165867855_jpg.rf.7841c7ebe30cf2e86219f0732a750f8e.jpg,"['5', '10', '5']"
510736252_jpg.rf.4659d2262359481ee4045b94cb80668e.jpg,"['14', '9', '1']"
802713859_jpg.rf.25b2c6eb3b901d3c5449d86e4ed3c8d4.jpg,"['12', '4', '6']"
942070551_jpg.rf.799921236e934e9384dece1e793b02c8.jpg,"['14', '11', '5']"
188623485_jpg.rf.345a1f19b89dbf22711d070469e7e60b.jpg,"['10', '10', '5']"
170063366_jpg.rf.9993b8f0e381848028ddc95a14abfd6b.jpg,"['7', '5', '11']"
806282642_jpg.rf.e5090401b5ce5f862523798e76b9ca6a.jpg,"['13', '7', '6']"
013432108_jpg.rf.77a859d75e757293a2f7e52918e3fc55.jpg,"['8', '0', '8']"
121457562_jpg.rf.c4a1c7939fc679dc0c50b16c11d544cb.jpg,"['14', '3', '12']"
560631990_jpg.rf.95fd518e53431b65f78288b481a7ffb3.jpg,"['14', '12', '9']"
742938418_jpg.rf.0c74e56f68bb7d3ea4ec45068931319f.jpg,"['8', '7', '3']"
910759691_jpg.rf.771a0d2b8a06619809285b867ca023ec.jpg,"['14', '1', '0']"
387258429_jpg.rf.308716705e4c4464944f42911fe7c9ec.jpg,"['11', '1', '8']"
553727573_jpg.rf.ead86f6d6eea9db90b05c49f61cd49b4.jpg,"['11', '11', '6']"
741703006_jpg.rf.f28e1e05efa4812dcb499a93df00ae34.jpg,"['2', '14', '11']"
360112550_jpg.rf.845d7a2e7a43e5aed93b04838bbdb4ce.jpg,"['13', '1', '11']"
943075173_jpg.rf.a82c55c41351f89f6aeaa4d880c66821.jpg,"['13', '10', '6']"
180339114_jpg.rf.206eca4dfa5e14b8e746a7a1f7fb0b0a.jpg,"['8', '12', '5']"
215276747_jpg.rf.8f80c2b1b4897dafcd6b84c9fbbd9b1b.jpg,"['10', '10', '5']"
097137491_jpg.rf.a0a48eecd3960a7b11aa8f03d852a86b.jpg,"['12', '2', '3']"
882860938_jpg.rf.761f8cc44657b140e6dd990f2a447eb9.jpg,"['9', '11', '9']"
723058042_jpg.rf.55e4e38662b9520b76ab3d5d2fa00612.jpg,"['4', '9', '5']"
003571947_jpg.rf.e713b380b6fff0f2be6d93b19217b63d.jpg,"['11', '5', '10']"
022111346_jpg.rf.70e3011d11e1d15ee51fbc5ec6dc23c5.jpg,"['4', '6', '3']"
